Country Code,Country Name,Year,GDP_per_capita_usd,GDP_growth_pct,Life_expectancy_years,Under5_mortality_per1000,Secondary_school_enrollment_pct,Education_expenditure_pct_govt,Gross_capital_formation_pct_gdp,FDI_net_inflows_usd,Electricity_access_pct,Population_growth_pct,Inflation_pct,Unemployment_pct
AGO,Angola,2000,563.733795571487,3.054624234529385,46.501,185.0,13.3690700531006,5.2550802230835,29.77416691087933,878620000.0,24.2,3.31228746945312,51.0649426570531,16.646
AGO,Angola,2001,533.5862024124473,4.205998556948615,47.032,176.3,15.0013399124146,5.8025341987609895,29.77416691087933,2145470000.0,20.0,3.35370941359163,51.0649426570531,16.668
AGO,Angola,2002,999.065855956628,13.665688761055335,47.874,166.4,16.1495990753174,6.349988174438479,29.77416691087933,1743504000.0,26.3,3.40747615681454,51.0649426570531,16.432
AGO,Angola,2003,1133.663319604136,3.487312400975213,50.218,155.5,17.257836023966483,6.89744215011597,29.80695527499188,3576971780.0,27.4,3.49334277776736,51.0649426570531,16.445
AGO,Angola,2004,1451.4711787087167,11.419863390458488,51.123,143.7,18.366072972615566,7.44489612579346,32.70333432907245,2197227820.0,28.4,3.59445752400652,43.54210675196869,16.313
AGO,Angola,2005,2145.88621098663,14.15477753439542,52.13,131.5,19.47430992126465,7.99235010147095,28.01399489660804,-909761943.1199996,29.4,3.64626893356444,22.95351385139399,16.295
AGO,Angola,2006,2930.4442860651648,11.841817875704225,52.965,119.8,20.582546869913735,7.45479011535645,24.12852156381572,-37714860.0,30.5,3.68489201610335,13.30521017800316,16.123
AGO,Angola,2007,3515.056789854963,13.00268894579763,54.2,109.0,21.690783818562817,7.76228499412537,26.872320678792477,-893342152.0,37.5,3.74258021023639,12.25149744594868,16.066
AGO,Angola,2008,4578.155264510585,10.786636049658128,55.281,99.2,22.7990207672119,8.06977987289429,31.047664279969524,1678971010.0,38.5,3.77828976645524,12.47582913263979,16.152
AGO,Angola,2009,3645.1484656516905,1.995589097889635,56.225,90.7,24.3320198059082,8.37727475166321,42.11266299479932,2205298180.0,33.8,3.80156187494836,13.73028392884085,16.383
AGO,Angola,2010,4101.637155646687,5.293665728199542,57.242,83.4,28.2108038778932,8.68476963043213,29.763832793835803,-909761943.1199996,35.0,3.85109824897149,14.46965649325768,16.595
AGO,Angola,2011,5184.15269151846,3.593869602402222,58.093,77.2,29.6869517832747,8.527601037838835,27.36624545322888,-909761943.1199996,34.6,3.8879459971363,13.48246792185111,16.77
AGO,Angola,2012,5702.453062774339,8.503122838666116,58.916,72.0,34.63292117271482,8.37043244524554,27.968561401115995,-909761943.1199996,37.3,3.88358355528674,10.27790492188394,16.539
AGO,Angola,2013,5688.579162134709,4.883061296883923,59.705,67.9,39.57889056215494,8.82697061127785,26.993763052771858,-909761943.1199996,38.4,3.84998068971631,8.777814293326237,16.464
AGO,Angola,2014,5649.687624675351,4.655723563155846,60.396,64.5,44.52485995159506,8.872873573238525,28.873478193135306,3657514667.49327,32.0,3.73272806660513,7.280387303611207,16.372
AGO,Angola,2015,3641.728939202528,0.763177710914789,61.042,61.8,49.470829341035184,8.9187765351992,29.10860959380244,8108179999.999999,42.0,3.60507162233632,9.35597215533784,16.472
AGO,Angola,2016,2082.3734359470463,-0.2330769548052842,61.619,59.6,54.4167987304753,6.55097404850717,29.69207295025485,-179517618.92,41.8,3.57644143982026,30.69441508067191,16.572
AGO,Angola,2017,2832.1499795051186,-0.1646886569610757,62.122,57.9,54.4167987304753,6.76377686213957,28.756030166603768,-909761943.1199996,42.9,3.54061221486272,29.84447990156793,16.617
AGO,Angola,2018,2891.830323787466,-0.5066975436161556,62.622,56.5,54.4167987304753,5.77752454566543,23.934661010594283,-909761943.1199996,45.3,3.45323300897802,19.62893797015208,16.602
AGO,Angola,2019,2507.8680721364217,-1.0552341449433698,63.051,55.3,54.4167987304753,6.04535564723515,24.53616092503178,-909761943.1199996,45.6,3.38788422184303,17.08095414343803,16.497
AGO,Angola,2020,1749.1794838482042,-5.2734912830000695,63.116,54.2,54.4167987304753,5.29473572273771,19.758244646909663,-909761943.1199996,47.0,3.26795864914978,22.27153924705097,16.696
BDI,Burundi,2000,143.70111921423478,-0.8568640584241507,47.617,152.4,9.41998958587646,10.7352600097656,21.525210677873595,11683250.0,2.5,2.07761630416467,24.4320242102151,3.137
BDI,Burundi,2001,143.70111921423478,2.0558071083524254,48.509,147.5,9.41998958587646,11.4331302642822,21.525210677873595,-11440.9127038288,2.8,2.50568660000274,9.296187713418888,3.154
BDI,Burundi,2002,143.70111921423478,4.446519412247966,49.924,142.3,9.92739963531494,12.4860801696777,21.525210677873595,7269.627398404233,3.1,2.82021948884885,-1.365680053280599,3.168
BDI,Burundi,2003,143.70111921423478,-1.2237279602344415,50.997,136.6,10.2563495635986,10.832580089569074,21.525210677873595,25980.167500637268,3.4,3.15909277106132,10.64746456583057,3.145
BDI,Burundi,2004,143.70111921423478,4.833657768094525,52.217,130.4,11.8093099594116,9.17908000946045,21.525210677873595,44690.7076028703,3.7,3.72769286109058,8.176429374820534,3.177
BDI,Burundi,2005,147.23461929422513,0.9000000009019118,53.053,123.7,12.9770698547363,10.9592695236206,21.525210677873595,584701.692574562,3.2,3.71426552783148,13.25206991882235,3.162
BDI,Burundi,2006,161.89275564031908,5.413807144914443,53.962,116.6,14.3381099700928,11.511359532674133,21.525210677873595,31593.7781888498,2.7,3.6016417629351,2.745420002142409,3.185
BDI,Burundi,2007,166.16274490675522,3.444493646636147,54.832,109.5,15.3361196517944,12.063449541727667,21.525210677873595,500245.09305907,4.7,3.69817167466282,8.412062857725438,2.404
BDI,Burundi,2008,189.50207457076772,4.908741908135454,55.581,102.6,18.11475992202755,12.6155395507812,21.525210677873595,3833208.34759482,4.8,4.12553206908571,24.40695103539137,1.634
BDI,Burundi,2009,198.43152404822504,3.787075830505103,56.422,96.1,20.8934001922607,16.3016891479492,21.525210677873595,348404.534569828,5.4,5.06613607694958,10.55543552995293,1.622
BDI,Burundi,2010,216.7277053019764,5.093736973230548,57.088,90.2,23.7647094726562,16.5881004333496,21.525210677873595,780582.003631936,5.3,4.68101057302388,6.493265914739934,1.615
BDI,Burundi,2011,230.0697613811321,4.024427938642276,57.804,84.7,26.7943801879883,14.9792995452881,21.525210677873595,3354999.18059219,6.2,3.57769854786004,9.5921660597967,1.602
BDI,Burundi,2012,231.09878781150672,4.423031184901262,58.501,79.6,29.5732898712158,16.4283199310303,21.525210677873595,604919.651526488,6.5,3.56852147814432,18.16104530654508,1.593
BDI,Burundi,2013,234.8447701508713,4.9239248511745615,59.179,74.9,34.2124507321275,17.2432594299316,21.525210677873595,116727136.517749,6.9,3.59186709345175,7.937958074924175,1.584
BDI,Burundi,2014,250.54449215518548,4.24490803087248,59.764,70.6,40.2641258748146,23.8400001525879,21.525210677873595,91720479.3388806,7.0,3.39447686677984,4.40535234185293,1.572
BDI,Burundi,2015,254.4025852267877,-0.4045255952041913,60.107,66.9,43.9351929825496,27.4972400665283,21.525210677873595,7439564.58771175,7.9,2.26851729292704,5.544688912597794,1.449
BDI,Burundi,2016,232.9378121001527,3.200174704089932,60.789,63.7,47.4715342848197,20.784610748291,21.525210677873595,55103.7198213653,8.5,1.72186004024144,5.55768961400965,1.352
BDI,Burundi,2017,246.0607257141837,3.831857570617842,61.345,60.9,48.2243487332289,19.7648506164551,21.525210677873595,65319814.8376385,9.3,2.35048627086438,16.05253530303918,1.25
BDI,Burundi,2018,245.6616783320092,5.342244731864085,61.806,58.5,46.330394174756,19.5192604064941,21.525210677873595,6663761.85439284,9.5,3.01898182778662,-2.81469807668465,1.147
BDI,Burundi,2019,234.31061590724977,4.459342023587837,62.18,56.2,41.8352417514484,21.2221666369194,21.525210677873595,30280866.0715354,9.8,3.28367531420808,-0.6867721707973587,1.043
BDI,Burundi,2020,252.70245275000605,0.3064438116517181,62.569,54.3,44.9151717353101,20.7419523430914,21.525210677873595,21196554.6098288,9.1,2.9086530249822,7.321106434155209,1.03
BEN,Benin,2000,487.4241413842425,5.857714205432686,56.594,135.0,20.0005397796631,13.5131998062134,16.008402448712484,-12794843.6146593,21.5,3.07665265205002,4.165404422902826,0.864
BEN,Benin,2001,492.401499509072,5.333135706039371,56.654,131.7,21.7104396820068,15.3105802536011,17.75272024514242,16739539.3415644,21.9,3.05435506649292,3.984295477678934,0.766
BEN,Benin,2002,546.4638296581587,4.643030870744823,56.851,128.5,23.5846691131592,14.1290798187256,14.833722534265902,-19395622.6954977,23.4,3.04010801597376,2.48916235491541,0.69
BEN,Benin,2003,676.0028780842815,3.4435767759165827,57.092,125.4,24.9001197814941,16.6825294494629,15.163790042040334,10638088.2576387,24.3,3.04920259714654,1.487242461454418,0.747
BEN,Benin,2004,758.6958037863709,4.429684553850819,57.346,122.5,26.7041492462158,19.2139492034912,15.218605125345972,-40774605.0603662,25.2,3.06173106096489,0.8738908308684998,0.79
BEN,Benin,2005,779.4377777532677,1.7131645636118409,57.738,119.7,29.422052110944456,18.7903900146484,12.086044891911316,-8788860.12677477,26.1,3.22061199704122,5.364520858323421,0.859
BEN,Benin,2006,809.1470725062209,3.943738828157976,57.966,117.0,32.13995497567311,19.7096099853516,12.87346511919016,-12363482.3642043,27.9,3.12066888297415,3.782176965403747,0.888
BEN,Benin,2007,912.3382471883424,5.986349321776089,58.249,114.4,34.85785784040177,14.9486904144287,16.376867998369303,139189943.015455,28.0,2.95509554727715,1.298068133341521,0.902
BEN,Benin,2008,1060.6025450209872,4.896577084296467,58.099,112.0,37.57576070513043,19.0885791778564,13.740420660064643,48210757.8531253,29.0,3.01959398464251,7.947298760678541,0.895
BEN,Benin,2009,1024.1027785811184,2.319292139128379,58.258,109.7,40.293663569859085,18.1756191253662,14.865718729557914,-18807407.3780512,30.0,2.99903642214246,0.8960723557490692,0.95
BEN,Benin,2010,973.2442549315264,2.1140647264839174,58.387,107.4,43.01156643458774,26.1439609527588,15.608089212583035,53507087.7359352,34.2,2.98424162798508,2.207835325365237,1.04
BEN,Benin,2011,1059.413588525885,2.963752919042008,58.462,105.1,45.7294692993164,25.5826358795166,16.462557280273728,161302390.821902,36.9,2.97782202797765,2.7042390774728,2.647
BEN,Benin,2012,1071.5258366282956,4.811223315687997,58.559,102.9,48.883659362792955,25.0213108062744,15.276312739626013,281548556.296849,38.4,2.96766540040992,6.744682533407122,2.458
BEN,Benin,2013,1168.926992792259,7.191433721449457,58.863,100.6,52.0378494262695,22.3412208557129,18.86187234767998,360343380.324676,34.7,2.94885160135819,0.4288888888888836,2.198
BEN,Benin,2014,1204.39918670094,6.357679097919316,59.008,98.4,52.5952682495117,22.2277107238769,19.25758562798992,405737369.105158,34.1,2.9550187594558,-0.5487575509481809,1.952
BEN,Benin,2015,1002.4188687961384,1.7781510603027757,59.123,96.1,55.1333084106445,17.4795207977295,20.73179208574602,149755663.330268,29.6,2.95391627666724,0.2187859235362453,1.886
BEN,Benin,2016,1010.533896199298,3.339673426296926,59.283,94.0,55.2945899963379,18.7914009094238,20.27203960469535,131790853.840789,37.0,2.92460216679542,-0.793310145785624,1.834
BEN,Benin,2017,1054.9740806681434,5.671561951504444,59.528,91.8,52.46741008758545,19.8796501159668,23.96042222925006,200902719.348051,34.5,2.88117869411855,0.0432648555103608,1.691
BEN,Benin,2018,1151.7409703472013,6.697253621808883,59.71,89.4,49.640230178832994,17.7091808319092,26.38651302495134,194073683.196865,39.0,2.8136418840483,0.9191707178860538,1.426
BEN,Benin,2019,1130.8213533979497,6.8656866284833455,59.888,87.0,46.813050270080545,18.8681161491591,25.62980057906037,218207871.715642,40.0,2.73538842831436,0.7328493712410664,1.214
BEN,Benin,2020,1200.1942655778937,3.848792400301335,60.154,84.6,43.9858703613281,15.7203538987759,25.633843508156712,174019952.06305,41.0,2.66259875153288,3.022721196637592,1.518
BFA,Burkina Faso,2000,248.90852692175216,1.8884738890652528,50.808,176.0,9.85589981079102,19.4941902160644,14.570699062607522,23107520.0,9.1,2.98414422391968,-0.3042121684868028,2.687
BFA,Burkina Faso,2001,259.485223380436,6.61340574539679,51.188,171.9,10.0396404266357,19.4941902160644,13.545897868500589,6267060.0,9.5,3.05099351122556,5.007432908223731,2.748
BFA,Burkina Faso,2002,285.6540876375328,4.352963829880991,51.447,167.3,10.662230014801,19.4941902160644,13.45168487772944,15026080.0,9.9,3.09039308299234,2.175694806646081,2.862
BFA,Burkina Faso,2003,362.3738999969534,7.802493888703594,51.959,162.3,11.2848196029663,19.4941902160644,15.459281358518288,29122510.0,11.4,3.11812174449527,2.034565740538153,2.78
BFA,Burkina Faso,2004,403.8128374346103,4.478452136703865,52.6,156.8,12.3676996231079,19.4941902160644,15.518103809998417,14348320.0,10.7,3.14512608695879,-0.4002287021154518,3.48
BFA,Burkina Faso,2005,441.16414801601206,8.661873228412247,53.271,150.8,13.3723297119141,19.4941902160644,17.56359353067019,52130040.8814283,11.1,3.14680149143287,6.415040183696842,4.0
BFA,Burkina Faso,2006,455.5136556200242,6.2531646881747776,53.784,144.4,14.1544599533081,18.2017002105713,16.125005632071428,83849256.0712147,11.6,3.12034537509581,2.333108563722199,3.67
BFA,Burkina Faso,2007,514.6844511772381,4.111379017615164,54.377,138.1,15.2793703079224,17.8638191223144,18.25108478114361,21711800.9008661,12.0,3.03277637197036,-0.2306273062730493,3.3
BFA,Burkina Faso,2008,619.4375332562643,5.799991741053873,55.199,132.1,17.9947395324707,17.300152460734,20.73196244598014,33190579.8762819,12.5,2.93816522811728,10.6597978997424,3.501
BFA,Burkina Faso,2009,601.5695206718585,2.961950858666924,55.791,126.5,19.4353504180908,16.7364857991536,19.99003226382672,56653992.3324814,12.6,2.91916025918168,2.60817666368314,3.723
BFA,Burkina Faso,2010,624.9572522247657,8.446281577076249,56.343,121.3,21.1780201888507,16.1728191375732,21.9904340000138,38870701.3569488,13.1,2.92577947499021,-0.764230734676768,3.725
BFA,Burkina Faso,2011,725.0247677254749,6.622562613066933,57.001,116.6,23.1764371916742,19.5006103515625,22.123511804334257,143845512.327137,14.8,2.95657078370668,2.759767248545341,3.827
BFA,Burkina Faso,2012,731.470138867833,6.452672379531464,57.457,112.3,25.2399681000378,15.8953800201416,24.652992897320672,329281976.028321,15.1,3.0171707485343,3.818152402523803,3.849
BFA,Burkina Faso,2013,759.7620651684981,5.792584845098673,57.903,108.2,27.6008880705968,16.1652793884277,23.709915006143277,490403410.536841,15.4,3.00083639274971,0.5337385070905363,4.054
BFA,Burkina Faso,2014,764.8616751062254,4.326845614529759,58.331,104.3,29.5668744354491,19.3681106567383,19.26224919316478,357296974.294134,19.2,2.9733794200807,-0.2580895175352913,4.255
BFA,Burkina Faso,2015,630.124750752312,3.921228793793503,58.778,100.8,32.8931343608996,18.0270805358887,19.40669971642433,231901703.683868,16.2,2.96196306547686,0.7248389810705168,4.472
BFA,Burkina Faso,2016,663.7423648428855,5.95797670754024,59.173,97.4,34.9336280775566,19.73554039001465,20.795547948402675,390622353.410171,16.6,2.92508251378454,0.441041448058809,4.598
BFA,Burkina Faso,2017,709.0915358946953,6.203489411218683,59.578,94.1,37.1627510802261,21.4440002441406,22.061836590264868,2572690.32188177,17.0,2.85291595529266,1.482998971613255,4.662
BFA,Burkina Faso,2018,777.465618514048,6.604569068123411,59.972,91.0,39.6278467471779,22.661169052124,21.73910481900177,268414907.946195,14.4,2.69713675384815,1.955943026725324,4.695
BFA,Burkina Faso,2019,764.8530777749462,5.889204970681348,60.184,88.1,40.0770460332282,21.6566204230503,19.75786801448893,162970140.263612,17.6,2.52989803984158,-2.907991251225815,4.493
BFA,Burkina Faso,2020,825.2370387824751,2.010772624062213,60.454,85.1,39.2540084845692,20.9924587920549,17.161517426599502,-98777856.0144418,18.5,2.43522959287393,1.884700665188471,4.59
BWA,Botswana,2000,3450.811806229918,1.9876958337855228,52.263,79.8,76.1968231201172,25.8235301971436,29.551080393757047,57171341.3548619,26.5,2.13210606291764,8.601485148514906,15.88
BWA,Botswana,2001,3206.071236898528,0.250573949689084,52.21,79.3,75.3002014160156,25.8235301971436,29.888136618650968,30680571.2084682,24.8,2.05763865830609,6.559037670148618,18.54
BWA,Botswana,2002,3117.250871830112,6.069530876483171,52.373,77.9,75.8795700073242,25.8235301971436,30.19380520688052,407997392.45524,27.0,1.88080986109573,8.032796625274859,21.277
BWA,Botswana,2003,4230.123269099257,4.625894749592987,52.851,76.7,76.5648727416992,25.8235301971436,30.143007422336428,418040676.139807,33.1,1.75962550604573,9.18990265632739,23.8
BWA,Botswana,2004,4956.692877352137,2.7058217061117347,53.573,75.7,78.3988189697266,25.8235301971436,31.35144300143236,390889251.855271,35.3,1.75338203751141,6.945703636546746,21.755
BWA,Botswana,2005,5391.070766196335,4.556645653231811,54.386,70.8,79.5636215209961,25.8235301971436,25.374133887578022,420854175.013436,37.5,1.79499163132533,8.610225285464399,19.852
BWA,Botswana,2006,5291.583791448487,8.36387109282306,55.112,66.0,81.6948394775391,26.165659904480002,21.69278159368101,486913109.102447,39.7,1.86517712065057,11.5552187914379,17.782
BWA,Botswana,2007,5529.125746325323,5.792555777271176,56.735,64.3,82.4867095947266,26.5077896118164,23.07475686303833,494634226.153714,41.9,1.9381347493906,7.080998471726926,16.976
BWA,Botswana,2008,5503.073953143129,3.2520729579683234,57.661,63.7,77.806510925293,23.4925947189331,35.46833480087579,520917902.314754,44.5,2.0082147581123,12.70218839200757,16.293
BWA,Botswana,2009,5082.933883324043,-14.144234616342333,58.297,60.6,77.806510925293,20.4773998260498,32.6299076727603,208699298.206301,43.4,2.06587846755776,8.027297031095818,16.169
BWA,Botswana,2010,6215.732160779186,10.119723322694014,59.137,58.4,77.806510925293,23.5505284733403,34.7021091252242,218379837.568308,52.0,2.10943597528371,6.948876587431035,17.86
BWA,Botswana,2011,7287.382953349189,6.838410524935739,59.715,58.8,77.806510925293,24.1945001555283,39.11811504670365,293208060.474684,53.2,1.96877479635498,8.459872334085834,18.049
BWA,Botswana,2012,6595.538450154237,-0.1708570993356915,60.384,53.9,77.806510925293,21.6718195795171,35.99986178096781,146084155.211847,56.0,1.67774021157009,7.53690261091916,17.916
BWA,Botswana,2013,6666.912195834866,11.102906873782189,61.217,50.3,77.806510925293,20.9129197657803,24.879328715918223,67136806.1634994,58.0,1.50921875015756,5.884607070568166,18.167
BWA,Botswana,2014,7122.364234215034,5.697144220728845,62.167,49.0,77.806510925293,22.6601252010259,25.253062566288687,515184471.01724,60.0,1.45441898422222,4.402253092434274,18.484
BWA,Botswana,2015,6141.203947266163,-4.851325074097787,63.215,46.7,77.806510925293,23.0535528099878,28.44328922031556,378554181.530078,62.1,1.42753223737773,3.062031695805576,18.915
BWA,Botswana,2016,6749.05994339013,7.204424759142668,64.32,45.1,77.806510925293,22.0042910314722,22.06769820649612,142522598.297582,64.2,1.41970172619868,2.814957913619439,19.328
BWA,Botswana,2017,7104.964010880272,4.114378564450831,65.42,42.1,77.806510925293,22.8162628925243,25.005896319132532,260575129.351447,67.4,1.42047647332447,3.30828076768219,19.671
BWA,Botswana,2018,7407.95940141786,4.188692371592225,66.371,41.2,77.806510925293,22.5610664576916,25.902879643882027,285955061.932014,68.3,1.41898108514606,3.238015589477153,19.665
BWA,Botswana,2019,7172.089564800282,3.031773394546704,67.167,40.0,77.806510925293,22.3420010369273,30.82044055923258,93607130.032602,70.1,1.42262847077389,2.772864428633207,20.094
BWA,Botswana,2020,6323.2974967658965,-8.728882439963968,67.643,38.9,77.806510925293,21.4650874064137,32.72725983893922,31792610.4142282,71.8,1.4394103578493,1.8903591682421,21.017
CAF,Central African Republic,2000,239.1541337260706,-2.489432440288738,46.609,165.5,10.9798498153687,9.93076992034912,11.072295936290784,889070.0,6.0,2.74955419856204,3.203400915631124,5.722
CAF,Central African Republic,2001,237.9517025447346,4.464739026408665,46.734,162.5,10.9798498153687,9.565320014953615,10.240829212964934,5183900.0,5.7,2.2204466205594,3.834860602373617,5.77
CAF,Central African Republic,2002,248.63929097840335,3.616542191505957,46.84,159.0,10.9962396621704,9.19987010955811,9.624946665552816,5644290.0,6.1,2.18516803355959,2.331817035162349,5.809
CAF,Central African Republic,2003,278.403992150941,-5.397485218558771,47.306,155.6,11.138993944440557,12.0125799179077,6.404792506829404,11300000.0,6.6,2.39269152862068,4.134709051509959,5.809
CAF,Central African Republic,2004,303.461321152782,5.994884227986958,47.696,151.8,11.281748226710715,12.0471296310425,6.812138026381463,15100000.0,7.0,2.16355960798951,-2.066406011363026,5.729
CAF,Central African Republic,2005,311.9500231386868,0.9082105148719536,48.207,147.9,11.424502508980872,9.66650009155273,9.864817355999865,10100000.0,7.4,2.2634335589763,2.883520733590217,5.691
CAF,Central African Republic,2006,333.94251990303104,4.771085430441048,48.687,143.5,11.567256791251028,10.0542402267456,10.234211019060826,34670000.0,7.8,2.04865266623958,6.695264657733543,5.61
CAF,Central African Republic,2007,380.8870488394754,4.607534854520253,49.327,139.3,11.710011073521185,9.86948013305664,10.687240577836176,56750000.0,8.4,1.92738176317224,0.9599176194571096,5.562
CAF,Central African Republic,2008,437.24827472489,2.054130962004848,49.873,135.5,11.852765355791343,7.8600001335144,12.728492373968011,117110000.0,7.5,2.1330142206447,9.25895099417076,5.51
CAF,Central African Republic,2009,456.471673898404,8.58726042640994,14.665,489.3,11.9955196380615,7.84172010421753,13.2041724777738,42280000.0,9.4,-0.65882495965577,3.521262272386427,5.575
CAF,Central African Republic,2010,476.8737869507277,4.63081843223307,46.871,150.7,13.9572396278381,6.47537994384766,16.84378130476861,61520000.0,9.8,-0.799202484181735,1.491023700478021,5.658
CAF,Central African Republic,2011,534.0572814716355,4.19461533741989,50.107,125.1,15.9189596176147,7.8254599571228,13.708464473720856,36908460.0,10.4,1.59035970102042,1.1944757244985,5.638
CAF,Central African Republic,2012,544.3958491427853,5.053761253569178,51.336,121.9,15.6197595596313,10.6165691254814,10.833975128768744,70035160.0,11.0,0.998867377606297,5.47829594346117,5.58
CAF,Central African Republic,2013,364.3669626083801,-36.39197709838867,49.487,134.2,15.201457262039149,8.08344390393141,7.515324021818104,1852790.0,11.5,0.682377856508138,6.98879341970198,5.566
CAF,Central African Republic,2014,409.8504859646996,0.0810705153264876,40.265,186.8,14.783154964447,9.38718751677231,21.990790719747576,3475010.0,12.0,-0.415235398986532,14.89868417975499,5.633
CAF,Central African Republic,2015,366.3228539381206,4.337121030202312,51.934,113.7,14.364852666854851,8.38674186180161,21.805380453863584,3000000.0,12.7,0.132677645471712,1.402970171368163,5.775
CAF,Central African Republic,2016,387.17620344431776,4.750316841223423,50.999,126.8,13.9465503692627,7.31902194047271,22.463467946844982,7256090.0,13.4,1.80553237158984,4.945432761065182,5.793
CAF,Central African Republic,2017,432.3240256842626,4.52727821346231,45.231,155.2,15.8074398040772,8.89504990083298,25.60125120084034,6888750.0,14.1,1.67978155291511,4.180723318712666,5.836
CAF,Central African Republic,2018,455.243962859534,3.789443592754623,52.297,120.2,15.8074398040772,9.13549641953096,26.0,18003540.0,14.6,1.76068487647458,1.612156869915552,5.825
CAF,Central African Republic,2019,449.2284676024388,3.0999999999999943,31.53,254.7,15.8074398040772,9.79781209629898,26.0,25601160.0,14.3,1.34469255324203,2.685373552667865,5.916
CAF,Central African Republic,2020,462.87907129401145,0.899999996857062,50.596,124.2,15.8074398040772,9.78244273272612,25.99999999790925,1737360.0,15.4,1.64324789708014,1.710156595231529,6.519
CIV,Cote d'Ivoire,2000,936.6365413487983,-0.2657894622759471,51.393,140.4,40.4629922041554,20.8069496154785,15.892407273340265,234701730.0,48.7,2.76729583954346,2.530775167379969,4.835
CIV,Cote d'Ivoire,2001,924.7272949620664,-2.154012490773056,51.428,136.9,40.4629922041554,23.2020301818848,14.220340922978776,272679900.0,49.7,2.67539291726228,4.361529140072564,5.195
CIV,Cote d'Ivoire,2002,967.8158644159912,-2.7305264744190083,51.544,133.1,40.4629922041554,22.5923004150391,12.023475484488731,212580420.0,51.4,2.58396350857445,3.077264851574272,5.508
CIV,Cote d'Ivoire,2003,1111.171350878869,-4.725866586306808,51.443,129.2,40.4629922041554,22.648229598999,13.968441903296611,165390570.0,51.5,2.49227881118865,3.29680746974208,5.847
CIV,Cote d'Ivoire,2004,1199.8252452854629,3.1850382257539707,51.939,125.3,40.4629922041554,22.1071605682373,14.718292636670526,282979830.0,52.4,2.42497124712807,1.457988356007414,5.915
CIV,Cote d'Ivoire,2005,1197.746169794149,0.9960655648547884,52.432,121.2,40.4629922041554,21.8456897735596,13.842141447174672,349059586.543272,58.9,2.38748971138117,3.885830398864819,6.023
CIV,Cote d'Ivoire,2006,1230.4305683858356,2.8155785925232664,52.885,117.4,40.4629922041554,20.0178909301758,14.180827117676472,350964618.559396,60.2,2.35559796287643,2.467191485969148,6.017
CIV,Cote d'Ivoire,2007,1367.5381772232606,1.1014297679347749,53.452,113.5,40.4629922041554,20.755880355835,13.726273510776076,443801751.423173,55.3,2.3271214491968,1.892006293495979,6.284
CIV,Cote d'Ivoire,2008,1583.9706670137175,4.782665978767199,54.179,109.0,40.4629922041554,21.5269107818604,18.180020685959576,468377743.888901,60.3,2.27477682329573,6.308527691525781,6.382
CIV,Cote d'Ivoire,2009,1540.45393569596,3.6033215666705294,54.744,105.2,40.4629922041554,22.1895599365234,14.7435495856944,397624744.268005,57.3,2.22245214914258,1.019504577311376,6.573
CIV,Cote d'Ivoire,2010,1553.5488704814325,6.848049399070135,55.282,101.6,40.4629922041554,22.7727508544922,21.681054529875624,358468317.342001,58.4,2.20359114199838,1.226456121354798,6.607
CIV,Cote d'Ivoire,2011,1596.6282656599792,-5.370447240005788,55.972,98.4,40.4629922041554,22.4268608093262,16.593718912147814,301972462.51786,55.8,2.17265768049368,4.9124339505245,7.144
CIV,Cote d'Ivoire,2012,1546.9460184731029,7.62041176451649,56.57,95.3,40.4629922041554,20.8587608337402,20.450817103102597,330255520.65457,55.8,2.08872019159152,1.304511199156063,7.223
CIV,Cote d'Ivoire,2013,1786.1586203132365,10.760213131125582,57.057,92.0,40.4629922041554,21.5747299194336,22.909801328614734,407592122.101427,61.5,1.99427988380631,2.581170372529356,4.255
CIV,Cote d'Ivoire,2014,1991.3653942340416,9.371999942403749,57.772,88.6,40.4629922041554,21.7667808532715,22.62045582529079,439356961.1509,61.9,2.42493545476417,0.4486820767661412,3.274
CIV,Cote d'Ivoire,2015,1814.7185508801676,7.194949427281912,58.281,85.5,43.9865647318392,21.1732196807861,23.388149470174422,494408755.77634,62.6,2.88906178023194,1.251499547814676,2.573
CIV,Cote d'Ivoire,2016,1862.595970812868,7.172759639563324,58.814,83.0,46.2425069943643,22.3875999450684,23.19440175626965,577871524.156215,64.3,2.90076810314127,0.7231784575133081,1.896
CIV,Cote d'Ivoire,2017,1964.299303383425,7.410762425925043,59.315,80.5,49.0863555848622,20.6334991455078,20.81765868534422,975014998.795492,65.6,2.82237176165589,0.6858810653046031,3.272
CIV,Cote d'Ivoire,2018,2130.8661938114374,4.843146058891776,59.795,77.9,51.072614509286,18.2889003753662,22.25279049906413,620330654.359791,67.1,2.69696827034562,0.401297817263547,2.852
CIV,Cote d'Ivoire,2019,2141.7683617011467,6.721371675849781,60.274,75.3,53.791930617454,19.8460693359375,21.989938495440363,848881139.442876,68.6,2.61916841176218,0.7908555120536607,2.401
CIV,Cote d'Ivoire,2020,2179.7293483293465,0.6997285934942283,60.14,73.0,55.4380323721262,18.5902500152588,21.742893410460077,712915894.481616,69.9,2.53019803537112,2.412526171890529,2.588
CMR,Cameroon,2000,708.5657316259653,3.8324177943061386,53.338,143.9,28.4606399536133,11.6836996078491,17.19233056662512,159708006.201386,41.0,2.63276307164066,1.227190129761323,7.533
CMR,Cameroon,2001,715.4702964705854,4.324261192215488,53.598,141.0,33.5832786560059,15.7333097457886,18.77406220060827,-11668387.3783905,46.2,2.62643255915311,4.419772458811458,7.46
CMR,Cameroon,2002,789.6238110725543,4.4770268336915535,53.922,137.6,29.3418807983398,18.587665081024202,19.441394416266405,505256043.293607,44.0,2.68124815756453,2.834422601280668,6.711
CMR,Cameroon,2003,988.2412767918462,5.453153688813472,54.253,134.3,30.9356803894043,21.4420204162598,18.09473616578463,334888535.860207,45.1,2.72747133462562,0.6231635573743164,5.908
CMR,Cameroon,2004,1133.3932674967289,7.048862818583743,54.578,130.9,27.5096206665039,20.8471202850342,18.8678143226466,67984855.6422292,47.1,2.74741504067453,0.2336473800675835,5.087
CMR,Cameroon,2005,1142.624662521058,2.228270209241174,54.904,127.6,28.0079002380371,21.3776092529297,18.67092548824329,243601636.500456,47.2,2.75573848394242,2.013539501759865,4.4
CMR,Cameroon,2006,1191.4545899096834,3.809583275661368,55.301,124.2,24.4080104827881,20.3126602172852,17.775859844906858,59122291.3428058,49.0,2.74855128044116,5.117578160194693,3.729
CMR,Cameroon,2007,1325.672482159333,4.327589009728712,55.71,120.8,33.4497184753418,21.3793392181396,18.378449651264496,189581294.625153,48.2,2.80627824632764,0.9214022456500954,3.063
CMR,Cameroon,2008,1492.142698014529,2.8476778892105017,56.116,117.2,37.8488082885742,15.7006101608276,19.754054326938824,20995513.7446128,50.6,2.86258453269924,5.337806276274985,3.386
CMR,Cameroon,2009,1461.3899923233655,2.5792517773875403,56.486,113.7,41.7743606567383,19.7797908782959,18.55968537467962,746276648.961817,51.7,2.86539222671372,3.043618479399991,3.743
CMR,Cameroon,2010,1398.5870202504714,2.899024721220144,56.965,109.5,45.82380338164445,18.7538890838623,18.228444037737777,536265313.198885,52.8,2.85766146651935,1.275380462423383,4.11
CMR,Cameroon,2011,1513.9605699487818,3.3792112850604497,57.482,105.2,49.8732461065506,14.8677701950073,18.73240082203698,653266626.571785,53.7,2.82842297078772,2.93969946305091,3.988
CMR,Cameroon,2012,1449.0987436227924,4.625978722095709,58.17,100.8,53.102088720007,15.1762199401856,18.000738169958183,527363935.614181,55.2,2.8130471843416,2.735296775295393,3.836
CMR,Cameroon,2013,1575.9288211889684,4.995529161307829,58.73,96.5,54.9012784916851,13.8249502182007,18.651545969218144,547404749.757181,56.3,2.80909371019789,2.050347180017408,3.686
CMR,Cameroon,2014,1649.443390594896,5.719818145091978,59.13,92.4,59.1253563645436,12.8797597885132,19.727834339890183,725854540.914876,56.8,3.02592195035823,1.854898503667769,3.534
CMR,Cameroon,2015,1415.0000971056854,5.666952987039323,59.687,88.5,60.4960883608074,13.243989944458,18.249855488335253,694336734.87982,58.6,3.13934346036401,2.676235314198996,3.518
CMR,Cameroon,2016,1441.7201725688024,4.535794236788007,60.293,85.1,61.4037045147156,12.6946897506714,19.81805484484269,663893595.165465,59.8,2.98933225067819,0.874190383288856,3.529
CMR,Cameroon,2017,1496.089517712422,3.541176549260072,60.817,81.9,61.4037045147156,15.9128103256226,19.445137402487923,814458940.927624,60.9,2.83499798189177,0.6404091498819502,3.573
CMR,Cameroon,2018,1610.6964159101708,3.955514238920486,61.189,78.9,61.4037045147156,16.8831596374512,19.53802963510562,765092012.778526,62.2,2.77030987519388,1.068858113129201,3.608
CMR,Cameroon,2019,1555.2266047647745,3.475059981949812,61.695,76.6,61.4037045147156,14.1786984993157,18.934645496049637,1024779237.90888,63.2,2.78164441246944,2.452802140627324,3.632
CMR,Cameroon,2020,1555.6037066074864,0.2599329159071146,61.674,74.4,61.4037045147156,14.4511222046888,17.660543979214356,675186993.652869,64.3,2.7244863481235,2.437608821822364,3.881
COD,"Congo, Dem. Rep.",2000,377.9254214813948,-6.91092731714194,51.887,184.6,33.6185607910156,9.57841014862061,14.433496333940637,94190400.0,6.7,3.20780748301006,51.0649426570531,3.245
COD,"Congo, Dem. Rep.",2001,143.70111921423478,-2.1001730242929426,52.205,178.4,33.6185607910156,9.57841014862061,6.704140751736462,102221900.0,7.1,3.1670663452371,51.0649426570531,3.251
COD,"Congo, Dem. Rep.",2002,162.38052907429022,2.947765182531768,52.371,172.2,33.6185607910156,9.57841014862061,7.435791082934255,187598690.0,7.7,3.05620605844951,31.52258260254952,3.179
COD,"Congo, Dem. Rep.",2003,161.4915535243958,5.577822312271266,52.952,165.9,33.6185607910156,9.57841014862061,9.524554843389806,391254720.0,8.3,2.92124332432638,12.87396571874048,3.057
COD,"Congo, Dem. Rep.",2004,180.66476496363276,6.738373933207882,53.534,159.4,33.6185607910156,9.57841014862061,12.256920548990792,409032810.0,9.0,2.94457864295254,3.994384008159708,2.976
COD,"Congo, Dem. Rep.",2005,214.5397404735186,6.135151155071597,54.001,124.4,33.6185607910156,9.57841014862061,17.136559256710473,180000000.0,6.0,3.07172770424984,21.31681672293408,2.948
COD,"Congo, Dem. Rep.",2006,255.44522956875124,5.10894433184896,54.498,118.9,33.6185607910156,9.57841014862061,17.421617262587066,256100000.0,10.2,3.08284543640824,13.05269497451011,3.174
COD,"Congo, Dem. Rep.",2007,294.1016151244193,8.583322984453872,54.954,113.8,33.6185607910156,9.57841014862061,15.859975514920931,1808000000.0,15.2,3.02531584938763,16.94510065419499,3.404
COD,"Congo, Dem. Rep.",2008,352.9003633719953,7.433335742006022,55.388,109.2,35.8376388549805,9.57841014862061,19.19426645592532,1726800000.0,11.6,3.01581282864875,17.30138457001566,3.627
COD,"Congo, Dem. Rep.",2009,280.1789910357925,0.5415701974215636,55.798,105.0,37.3938407897949,9.57841014862061,18.35396120352089,-243200000.0,12.3,3.09097719189927,2.799999999999817,3.882
COD,"Congo, Dem. Rep.",2010,352.4003987546921,8.618677175105432,56.411,101.4,37.0387916564941,9.57841014862061,24.02892759776269,2742300000.0,13.0,3.18751592835336,7.100000000000371,4.098
COD,"Congo, Dem. Rep.",2011,372.5142738757892,-0.4031640812544452,56.911,98.3,38.9499206542969,11.777207056681307,25.286977860673936,1596024303.85686,13.7,3.28016564590395,15.316515913949,4.317
COD,"Congo, Dem. Rep.",2012,409.93142478378354,8.668593605869262,57.35,95.9,38.8012313842773,13.976003964742002,26.11218844253661,2891607809.09542,15.4,3.33860489598034,9.721828062733644,4.485
COD,"Congo, Dem. Rep.",2013,460.3703349301071,17.51591246883477,57.795,94.1,38.5140419006348,16.1748008728027,28.101667729394013,1697585830.80626,15.2,3.40170849300578,0.8082231014871106,4.469
COD,"Congo, Dem. Rep.",2014,489.17595209731945,7.30227750870263,58.236,92.7,41.1783905029297,13.3522100448608,31.994143950184885,1499572152.49797,13.5,3.39069033335839,1.243038897608026,4.436
COD,"Congo, Dem. Rep.",2015,495.8266330148833,6.359737561648288,58.658,91.9,42.1804618835449,14.850700378418,28.24897604304527,1165720010.30767,16.6,3.3022434270539,0.74419899478147,4.441
COD,"Congo, Dem. Rep.",2016,459.7650365903877,0.3938327981545626,59.081,91.5,42.1804618835449,14.2293395996094,25.730139110082035,932374669.380907,17.3,3.54100823238224,2.885851072899884,4.528
COD,"Congo, Dem. Rep.",2017,431.05255912878806,4.2412104727271895,59.495,91.5,42.1804618835449,13.1477699279785,27.5611277266771,1047979482.55526,18.0,3.65684620577994,2.885851072899884,4.613
COD,"Congo, Dem. Rep.",2018,518.1696268753709,6.071688706466148,59.926,91.7,42.1804618835449,13.1477699279785,28.674344923754077,1407563588.42422,18.7,3.34726508426912,2.885851072899884,4.632
COD,"Congo, Dem. Rep.",2019,504.00419142286,0.5553842945808185,60.242,92.2,42.1804618835449,13.1477699279785,22.30262447772181,1350994226.20535,19.1,3.1695285579572,2.885851072899884,4.605
COD,"Congo, Dem. Rep.",2020,486.4255726822558,0.7754279923546221,60.428,92.7,42.1804618835449,13.1477699279785,21.848825739461976,1498084807.8648,20.1,3.22098049233111,2.885851072899884,5.355
COG,"Congo, Rep.",2000,1024.3015910918073,7.575980395264196,55.371,112.5,36.9716186523438,9.05484962463379,22.625954198473284,-98141674.3463606,29.4,3.83186610159414,-0.8819915170254309,19.872
COG,"Congo, Rep.",2001,854.5983144080948,3.8026018991356096,55.885,109.3,36.9716186523438,9.05484962463379,26.356637211345998,-135479673.015224,30.3,3.77361792459761,0.0559899218140582,19.88
COG,"Congo, Rep.",2002,905.5381355447043,4.5818700610888925,56.414,104.6,36.9716186523438,9.05484962463379,23.40759656040667,200095651.485644,31.2,2.36249435317099,4.378759717808726,19.644
COG,"Congo, Rep.",2003,1016.8236341214334,0.8132640763037813,57.131,98.9,38.03369140625,9.5199499130249,26.09032417068609,220038914.195923,32.1,2.79519896193446,-0.631844987363156,19.877
COG,"Congo, Rep.",2004,1306.1013632459944,3.4766316211808856,57.957,92.3,42.6813201904297,8.56180953979492,22.52034084208812,88557997.2244039,33.0,3.41769832826944,2.429766079617993,19.896
COG,"Congo, Rep.",2005,1799.0515836615414,7.755758978066481,58.73,85.7,43.66119527816774,7.59781980514526,25.93799848214726,801314933.871917,33.8,3.60380377830421,3.094490114561818,19.796
COG,"Congo, Rep.",2006,2103.5821381210976,7.986238363342906,59.474,79.5,44.641070365905776,11.023811721801748,28.283456784736902,1489015781.25323,34.9,3.74399199815897,6.537843952996039,19.563
COG,"Congo, Rep.",2007,2206.4710186341385,-6.613994804410012,60.05,73.9,45.62094545364381,14.449803638458235,61.05369605523517,1424251935.63471,35.8,3.65924543843284,2.654646450607025,19.909
COG,"Congo, Rep.",2008,2832.0917777764325,6.306375955852587,60.79,69.2,46.60082054138185,17.875795555114724,42.07141217093608,1947972913.20639,36.8,3.28885266905607,4.958750920231519,19.962
COG,"Congo, Rep.",2009,2271.1521917596647,11.637288861575756,61.215,65.3,47.58069562911989,21.301787471771213,54.29511083352796,1189051286.3797,37.1,3.99594017742806,4.415003747952232,19.844
COG,"Congo, Rep.",2010,2946.557980677078,9.931265430955776,61.731,62.4,48.560570716857924,24.7277793884277,47.19017066592312,1522228646.33912,40.0,4.14243050486562,0.3915250112276121,19.3
COG,"Congo, Rep.",2011,3396.16505817952,2.205919362867178,62.286,60.0,49.54044580459596,6.49370929175093,36.8419012310002,298678855.105983,40.8,3.25058981932031,1.759587042738031,19.435
COG,"Congo, Rep.",2012,3732.327373203891,9.947153142575644,62.662,57.9,50.520320892334,10.609303767639215,43.81682827002706,-69249948.2173565,41.6,2.79640825415116,5.01018773134471,19.491
COG,"Congo, Rep.",2013,3697.417058842495,-0.7124344518764474,62.969,56.2,50.520320892334,14.7248982435275,47.06448238000221,1878859499.34966,42.5,2.43092781986762,4.631616197294613,19.845
COG,"Congo, Rep.",2014,3601.236580871796,6.646065409284475,63.349,54.5,50.520320892334,6.55592012405396,52.84461724509014,2891102397.12388,43.4,2.41608932821437,0.9121395454500976,19.696
COG,"Congo, Rep.",2015,2439.351894036956,0.4151930612937633,63.662,52.7,50.520320892334,7.95039987564087,76.78232467806852,4279839199.11278,44.3,2.41638740919909,3.169097967508294,20.02
COG,"Congo, Rep.",2016,2093.107285588428,-8.685243439137864,63.911,51.0,50.520320892334,8.70963067131179,71.26685575820504,50608700.3526123,45.3,2.42169941927317,3.190561797237732,20.298
COG,"Congo, Rep.",2017,2211.633098747971,-5.594773719155469,64.203,49.3,50.520320892334,15.68577003479,45.89448622536048,4416953730.0,46.2,2.43024073423953,0.4500638232855464,20.737
COG,"Congo, Rep.",2018,2694.434131914268,-2.3043178012584207,64.472,47.6,50.520320892334,15.5829000473022,29.527008862203907,4315250920.0,47.0,2.43884022378671,1.152778963755232,20.84
COG,"Congo, Rep.",2019,2488.424667249158,1.124473919765293,63.152,52.2,50.520320892334,17.0074221576097,25.900096543366484,-909761943.1199996,47.7,2.40634419722279,2.206073057815252,20.494
COG,"Congo, Rep.",2020,1993.5866719310015,-6.267772279632254,64.391,44.5,50.520320892334,17.0091400358236,23.73156703249825,-909761943.1199996,48.7,2.39477691216791,1.795371470831075,22.286
COM,Comoros,2000,633.3090327762441,-1.0070188710965482,58.941,79.9,35.0426712036133,15.789719581604,18.042295190749783,93640.0,39.8,1.91989444545768,5.554593948168124,4.4
COM,Comoros,2001,681.1638576199628,5.419599718087412,59.587,76.8,35.0426712036133,15.789719581604,18.042340133529347,1145910.0,42.0,2.05675116831034,5.554593948168124,4.379
COM,Comoros,2002,764.6134983254302,4.597682632632427,59.723,73.8,35.0426712036133,15.789719581604,18.042311726160225,430420.0,44.8,2.11608023442771,3.533042143080776,4.372
COM,Comoros,2003,959.691049354812,1.9344281231349785,60.24,71.0,38.9220008850098,18.030286312103268,18.04232162604224,793243.734562134,46.5,1.92701943618421,3.799081366719004,4.559
COM,Comoros,2004,1072.2840902962091,3.10041210399676,60.557,68.3,42.5534706115723,20.270853042602532,18.042334004677755,672560.378635005,48.7,1.89592485384757,4.474992890781065,4.571
COM,Comoros,2005,1105.7879686678848,5.665202401931509,60.883,65.8,44.38070508184271,22.5114197731018,18.042313168495625,558865.800033729,51.0,2.04084019817184,3.013323950581202,4.527
COM,Comoros,2006,1138.4790840434505,-1.754446794493944,61.229,63.4,46.207939552113125,24.751986503601067,18.04232578484396,778420.21387879,53.2,2.0170547631074,3.374363601212043,4.482
COM,Comoros,2007,1289.7363105636107,0.8035997882477517,61.475,61.2,48.035174022383536,26.99255323410033,16.88740910348111,7691947.28915694,55.5,1.99305922756432,4.466167100981319,4.474
COM,Comoros,2008,1455.0276859558574,3.964611188718152,61.955,59.2,49.86240849265394,29.2331199645996,19.248876874053177,4650574.15690675,57.8,1.98685114604965,1.700781762845304,4.416
COM,Comoros,2009,1410.3051695947322,3.240740740740748,62.302,57.3,51.68964296292435,26.627036412556965,17.99068054563902,13839598.1677914,60.1,1.98865318234701,4.362348293257194,4.303
COM,Comoros,2010,1386.5753355337638,3.777766736844228,62.747,55.6,53.516877433194765,24.020952860514335,18.17495087949037,8350406.72212105,69.7,1.98790768401212,3.354757703289194,4.19
COM,Comoros,2011,1531.4396932046811,4.143506687659766,63.105,54.0,55.344111903465176,21.4148693084717,16.02145265087463,23118440.5401983,69.3,1.99871797531046,1.8426630075619,4.12
COM,Comoros,2012,1490.314256508712,3.168409884334196,63.463,52.5,57.17134637373559,18.4915103912354,16.151573362559752,10375197.4614674,69.3,2.01149862727803,6.314744503151774,4.091
COM,Comoros,2013,1603.32653496691,4.466247298697041,63.839,51.2,58.998580844006,16.0707302093506,16.356184400963382,4231640.0,69.4,2.11384957294193,-2.907991251225815,3.98
COM,Comoros,2014,1615.717097563165,2.1066576032101665,64.143,50.0,61.5078774291294,18.8928909301758,15.202966686529065,4684558.67518381,71.8,2.17541496047092,7.547553790967113,3.984
COM,Comoros,2015,1329.3704823598596,1.1473563226004728,64.473,48.9,59.98865644485503,13.3536500930786,13.638040275851765,4936699.51044481,74.1,2.11093338446849,-0.1171738841900699,4.031
COM,Comoros,2016,1365.4840344449694,3.320446554887696,64.792,47.9,58.46943546058067,12.97811300886792,12.560673006648765,3569823.72997216,76.4,2.05111578193354,0.7975174308884871,4.117
COM,Comoros,2017,1423.9248027796975,3.815762874895484,65.127,46.9,56.9502144763063,12.60257592465724,13.433443374813786,3919473.02500834,78.7,1.99257798738542,-0.2373622241546134,4.049
COM,Comoros,2018,1540.7113225752598,3.642451147336885,65.401,45.8,61.7014685443494,12.22703884044656,14.868092925580784,5672348.12857999,81.0,1.95274153616222,2.151550844130334,3.975
COM,Comoros,2019,1519.2638643606815,1.760780235645683,65.662,44.8,61.7014685443494,11.85150175623588,12.734806261627254,4300803.9663215,83.3,1.92385702700328,3.582135444692111,3.926
COM,Comoros,2020,1527.1699101191573,-0.1955568419187585,65.756,43.7,61.7014685443494,11.4759646720252,11.801762531981428,3875846.08058853,85.6,1.96199379762606,0.7866419294991515,4.468
CPV,Cabo Verde,2000,1189.5147934589058,14.28486884509188,68.117,36.0,65.0551376342773,19.7662296295166,47.271484248355,34202238.3816145,58.6,1.51097073984668,-2.47745668519835,13.024
CPV,Cabo Verde,2001,1223.3305533157543,2.231654545288976,68.707,32.8,63.2078514099121,19.7662296295166,47.271484248355,9010186.20568654,60.3,1.52715832330257,3.349964723178944,13.242
CPV,Cabo Verde,2002,1328.5787427066589,5.250891169602113,69.447,30.5,66.3999862670898,19.7662296295166,47.271484248355,14759046.6769551,58.6,1.45645106544752,1.884534100767649,13.379
CPV,Cabo Verde,2003,1717.9756536965494,4.17625932578332,70.006,29.0,67.3274078369141,20.303355216980002,47.271484248355,39216510.8127633,63.7,1.34770321112892,1.188170386205281,13.604
CPV,Cabo Verde,2004,1929.490814687812,10.19707263392604,70.499,28.2,66.9400405883789,20.8404808044434,47.271484248355,67638273.8033899,65.4,1.25679558194683,-1.890821723061803,13.456
CPV,Cabo Verde,2005,2004.1468041756325,6.912457957202008,70.936,28.0,70.2636032104492,19.19053077697755,47.271484248355,80513541.3322082,67.0,1.19132344131983,0.4188916128551701,13.439
CPV,Cabo Verde,2006,2256.9966619107527,7.983750447950484,71.341,28.0,81.5834884643555,17.5405807495117,47.271484248355,131539968.034583,68.8,1.15040265762577,5.369076870655489,13.378
CPV,Cabo Verde,2007,3324.5767521249763,15.17068797355168,71.487,28.1,80.4710464477539,18.3287506103516,47.271484248355,191764359.163339,70.5,1.10689150817132,4.410997041934888,13.294
CPV,Cabo Verde,2008,3908.648858225763,7.039011295651278,71.888,27.9,82.10888671875,18.2409896850586,45.935804547137096,210903689.269434,72.3,1.03555151023311,6.774435463711429,13.307
CPV,Cabo Verde,2009,3659.720463616276,-1.5035867238567846,72.142,27.5,81.2256927490234,15.886549949646,41.36029331119235,126003552.248347,74.1,0.950085360363308,0.991103480568085,13.517
CPV,Cabo Verde,2010,3579.46006137809,1.8364191498997824,72.507,26.7,83.5471330073283,14.2168998718262,44.95680603905255,116200563.572312,81.1,0.717181999615317,2.078664709064239,10.67
CPV,Cabo Verde,2011,4002.013868887853,3.924718213382832,72.913,25.6,86.7000153273789,15.1532802581787,44.91177438465512,102246382.223795,82.3,0.325685661710053,4.473883421650231,10.956
CPV,Cabo Verde,2012,3736.8151701108713,1.0836484837616638,73.315,24.2,89.9634082592786,16.1216750633724,35.20387138126828,128009964.769676,83.2,0.0992767342106355,2.540396441671086,11.145
CPV,Cabo Verde,2013,3960.975967913446,0.6321367273851308,73.481,22.6,94.7526092529297,14.7782297134399,29.987286550406665,89297443.9961387,84.3,0.052725108136232,1.506542857014072,11.398
CPV,Cabo Verde,2014,3985.607065481337,0.6966668401185814,73.788,20.9,93.6074664791524,16.282190322876,34.99625229976267,180589795.413074,85.3,0.0197159536864678,-0.2387781449906236,11.689
CPV,Cabo Verde,2015,3415.062667309312,0.9360265078088332,74.096,19.2,96.6012286324786,16.7482299804688,29.107174439422728,96071472.8368678,86.4,0.0132719182020122,0.1311879990245447,11.923
CPV,Cabo Verde,2016,3608.9660523490647,4.280714826623708,74.35,17.6,98.2528458088996,17.8430099487305,28.555378240727496,126312006.101644,87.5,0.0312210963482392,-1.407816370917059,12.085
CPV,Cabo Verde,2017,3893.095713825062,4.551314810297399,74.71,16.2,99.462782259485,16.4125804901123,29.28348624443238,111711633.73814,88.6,0.0661175101881539,0.7844152511013344,12.24
CPV,Cabo Verde,2018,4294.965100357294,3.706964583108416,74.84,15.1,94.8972015380859,17.5685407932949,27.486159184509013,103550532.589032,90.2,0.101723857752759,1.256995666905092,12.17
CPV,Cabo Verde,2019,4380.781173311284,6.9478263405185885,75.449,14.1,95.2902285572104,15.1536998748779,23.43197386519012,122921295.022726,91.4,0.134109462358547,1.106666742960629,12.123
CPV,Cabo Verde,2020,3539.226612482986,-20.80527589907352,73.818,13.3,98.3093023666237,17.0901870718553,28.96192365738715,67619883.9199237,93.7,0.11178257414313,0.6057958083953855,14.65
DJI,Djibouti,2014,2214.620841424321,7.1929872846369705,62.427,67.2,40.4629922041554,8.57643985748291,3.115185098846078,152998238.81252,58.9,1.80056496059208,1.34186494340162,26.16
DJI,Djibouti,2015,2376.1255471987265,7.308985634507991,62.833,65.2,40.4629922041554,8.57643985748291,-3.945924356771034,143832186.404532,59.1,1.73961273409176,-0.522166521445793,26.063
DJI,Djibouti,2016,2510.430007624096,7.123432337287198,63.335,63.2,40.4629922041554,15.159589767456,21.935940114049234,159997974.353059,59.8,1.68519891610854,2.4025290543489,25.982
DJI,Djibouti,2017,2618.95521147369,5.458091517211997,63.71,61.2,40.4629922041554,15.6437196731567,21.632807927984864,164929861.974668,60.2,1.64286125399062,0.577285724560661,26.064
DJI,Djibouti,2018,2718.0833879920333,4.774339349431926,64.105,59.4,40.4629922041554,14.4741497039795,2.7869007560447243,170000000.0,62.4,1.60259372935612,0.138836400011405,26.18
DJI,Djibouti,2019,2837.169023409324,5.545080811549781,64.381,57.5,40.4629922041554,14.4741497039795,2.281459699591905,174999015.310514,64.7,1.55766086478885,3.31763203299603,26.257
DJI,Djibouti,2020,2844.888106478533,1.202115172896896,64.2,55.7,40.4629922041554,14.4741497039795,-0.2487277846642308,158230011.0,64.5,1.50228656339009,1.77900535643955,27.701
DZA,Algeria,2000,1772.928691227614,3.8000000015847633,70.576,41.7,64.5954208374023,11.0207595825195,23.56390690076473,280100000.0,98.6,1.3996685583388,0.3391631890717681,29.77
DZA,Algeria,2001,1896.3002087801287,2.999999998630429,71.025,40.2,68.763298034668,11.0207595825195,29.402518567959284,1113105540.0,98.6,1.37329134127777,4.225988348546735,27.3
DZA,Algeria,2002,1937.4641141301884,5.400000000000006,71.644,38.6,72.5830688476562,11.0207595825195,32.42214977599699,1064960000.0,98.6,1.33039477696898,1.418301923450509,25.9
DZA,Algeria,2003,2283.7729934612557,6.500000000620432,71.906,37.0,75.4358673095703,11.0207595825195,32.080821387413536,637853030.0,98.6,1.32961524189621,4.268953958395005,23.72
DZA,Algeria,2004,2816.9938496055483,4.499999999766985,72.536,35.4,79.6298599243164,11.0207595825195,32.85144764247123,884749030.0,98.6,1.39644042529783,3.961800302571874,17.65
DZA,Algeria,2005,3233.1333963421216,5.399999999695254,72.836,33.9,81.8563690185547,11.0207595825195,31.175075513313967,1155999999.99994,98.6,1.46330884553002,1.382446566621185,15.27
DZA,Algeria,2006,3660.661047453223,2.8999999990585223,73.116,32.5,83.4811935424805,11.0207595825195,30.36211976418236,1841000000.00007,98.7,1.54127363754195,2.311499185144237,12.27
DZA,Algeria,2007,4167.451699375306,3.100000001286745,73.346,31.2,73.517822265625,11.0207595825195,33.57154599157639,1686736539.70384,98.7,1.6690716779345,3.678995747416992,13.79
DZA,Algeria,2008,5180.918815146864,2.4999999992937063,73.618,30.1,80.2311401367188,11.0207595825195,35.536933416448534,2638607033.75183,99.3,1.81885306168943,4.858590628149388,11.33
DZA,Algeria,2009,4235.42990456612,1.1999999996951942,73.871,29.0,96.3929595947266,14.3949581463319,46.0669131037696,2746930734.16533,98.8,1.91588522187232,5.737060361456279,10.16
DZA,Algeria,2010,4912.785855036717,4.80000000093564,74.144,28.1,100.739776611328,17.7691567101443,43.2868274827225,2300369124.15827,98.9,1.9470588317966,3.91106195534028,9.96
DZA,Algeria,2011,5916.313643643432,2.9999999994190887,74.383,27.3,103.184272766113,17.5647159837077,39.753822214212285,2571237024.68517,99.0,1.9568943735315,4.5242115050527,9.96
DZA,Algeria,2012,6033.648846895432,2.4000000003443205,74.609,26.6,103.184272766113,15.983725084802,40.28237869929326,1500402452.86349,98.8,1.99280790148967,8.891450910623172,10.97
DZA,Algeria,2013,5979.601389605846,2.600000000611644,74.809,25.9,103.184272766113,17.6460346655779,44.5820108403061,1691886707.50796,99.2,2.01953115835273,3.254239109988475,9.82
DZA,Algeria,2014,6094.693923149557,4.099999998665012,74.992,25.4,103.184272766113,16.4692016361374,46.89847933637915,1502206170.55838,99.3,2.03786524232338,2.91692692067458,10.207
DZA,Algeria,2015,4685.059027290017,3.200000000890228,75.159,24.9,103.184272766113,16.0845552688873,51.77961255944097,-537792920.921856,99.4,2.05624795728459,4.784447006938895,11.206
DZA,Algeria,2016,4424.985290275557,3.900000000176206,75.31,24.5,103.184272766113,16.1110441504345,51.6415142855742,1638263953.77736,99.4,2.05569111181654,6.397694802687569,10.202
DZA,Algeria,2017,4554.667539578281,1.4999999989558717,75.431,24.0,103.184272766113,17.5560719808872,48.26759225758052,1230243450.87888,99.5,2.03200060784518,5.591115909616639,12.0
DZA,Algeria,2018,4577.210291804906,1.4000000008828124,75.555,23.7,103.184272766113,15.6197370582865,46.456859496262645,1466116068.03411,99.6,1.93780623340147,4.269990204670837,12.112
DZA,Algeria,2019,4468.453418836562,0.8999999992191476,75.682,23.3,103.184272766113,16.0217587293579,44.62956178750035,1381200049.59264,99.5,1.84041291439333,1.951768210528918,12.302
DZA,Algeria,2020,3743.541952292898,-4.999999999085972,73.257,22.9,103.184272766113,16.549171340634,42.94935768250155,1143918159.62918,99.7,1.71191216459393,2.415130940834139,14.08
EGY,"Egypt, Arab Rep.",2000,1366.0927437261348,6.370003829917664,67.332,47.3,77.8339462280273,15.351900100708,19.553072625698324,1235000000.0,97.7,2.16091978529782,2.683805353485461,8.98
EGY,"Egypt, Arab Rep.",2001,1295.137418416295,3.5352519739150665,67.612,44.8,79.3897399902344,15.351900100708,18.260384722609423,509900000.0,97.4,2.12380362345226,2.269757204759556,9.26
EGY,"Egypt, Arab Rep.",2002,1116.8288462621283,2.3902040267562654,67.846,42.5,78.8174133300781,15.351900100708,17.99947215624175,646900000.0,97.5,2.10372359745955,2.737238550003342,10.01
EGY,"Egypt, Arab Rep.",2003,1031.2755629128364,3.19345473756772,68.045,40.4,78.5066070556641,15.351900100708,16.886227544910177,237400000.0,98.8,2.09545323003183,4.507776363193035,10.91
EGY,"Egypt, Arab Rep.",2004,991.2556891452524,4.092071610199085,68.211,38.6,77.7841796875,14.7487096786499,16.937976509375645,1253300000.0,97.8,2.06437734857129,11.27061933205195,10.32
EGY,"Egypt, Arab Rep.",2005,1105.5392071390345,4.471744471062095,68.355,37.0,74.87044372558594,15.0436096191406,17.97585886722377,5375600000.0,99.4,2.02220952721924,4.869396968719882,11.049
EGY,"Egypt, Arab Rep.",2006,1298.9790020312446,6.843838193698844,68.493,35.6,71.95670776367189,11.0185899734497,18.730775457341757,8108179999.999999,99.0,1.95291342300488,7.644526445264343,10.49
EGY,"Egypt, Arab Rep.",2007,1547.7417073590857,7.087827426755823,68.627,34.2,69.04297180175783,11.2096395492554,20.85123523093448,8108179999.999999,98.4,1.88753217077119,9.318969057992298,8.8
EGY,"Egypt, Arab Rep.",2008,1896.2159426977896,7.156283567115224,68.761,32.8,66.12923583984376,10.9418001174927,22.389726409826917,8108179999.999999,99.8,1.86740413264217,18.31683168316841,8.517
EGY,"Egypt, Arab Rep.",2009,2161.639645739265,4.6735998000066274,68.915,31.6,63.2154998779297,10.9418001174927,19.190174630589137,6711600000.0,98.9,1.88836522446639,11.76349543864433,9.087
EGY,"Egypt, Arab Rep.",2010,2455.0819464528213,5.147234857467424,69.078,30.5,64.7296371459961,10.9418001174927,19.50107740759158,6385600000.0,99.4,1.91795124102801,11.26518826531855,8.757
EGY,"Egypt, Arab Rep.",2011,2590.6438489196503,1.7645719480604072,69.232,29.5,72.5487594604492,10.9418001174927,17.103055940485742,-482700000.0,99.4,2.1044607622412,10.0649259874818,11.849
EGY,"Egypt, Arab Rep.",2012,2996.0677072015005,2.226199798184865,69.464,28.6,73.0182495117188,10.9418001174927,16.02675105989132,2797700000.0,99.7,2.24475795490011,7.111729433430828,12.597
EGY,"Egypt, Arab Rep.",2013,3025.525635524481,2.18546605363386,69.632,27.8,73.8954466194364,10.9418001174927,14.211997419909697,4192200000.0,99.9,2.30526364315625,9.46971981064921,13.154
EGY,"Egypt, Arab Rep.",2014,3133.391022655408,2.9159118805283555,69.911,27.1,73.3723421134374,10.9418001174927,13.643192488262912,4612200000.0,99.8,2.27643956620182,10.0702154687481,13.105
EGY,"Egypt, Arab Rep.",2015,3306.981594141408,4.372019077816873,70.135,26.5,74.56237539136185,10.9418001174927,14.2886370146078,6925200000.0,99.3,2.09892554805563,10.370490343517,13.052
EGY,"Egypt, Arab Rep.",2016,3270.628776819699,4.346643456019137,70.437,26.0,75.7524086692863,10.9418001174927,15.04023030929357,8106800000.0,100.0,2.03468294927084,13.81360621482898,12.45
EGY,"Egypt, Arab Rep.",2017,2395.1033329949128,4.181220999615618,70.709,25.6,76.4337653082262,10.9418001174927,18.734101042151043,7408700000.0,100.0,1.99817843887244,29.50660839400387,11.767
EGY,"Egypt, Arab Rep.",2018,2484.7031563050828,5.3311086188715535,70.974,25.2,76.9816189396849,10.9418001174927,20.624919634820625,8108179999.999999,100.0,1.89713831833082,14.40146578074216,9.855
EGY,"Egypt, Arab Rep.",2019,2962.9889202300265,5.5520930708422185,71.213,24.8,77.9093978841525,10.9418001174927,20.65403859899929,8108179999.999999,100.0,1.75497438173801,9.152799593248035,7.851
EGY,"Egypt, Arab Rep.",2020,3511.1138102637947,3.550164838831151,69.79,24.4,79.6544750074231,10.9418001174927,18.8180606572831,5851800000.0,100.0,1.62495386951696,5.044932889775388,7.974
ERI,Eritrea,2000,314.3573967535008,-3.1419859025163817,56.285,85.3,45.2635498046875,8.78493976593018,21.99675676030268,27870110.0,29.3,1.53601457156771,4.969631827756125,5.656
ERI,Eritrea,2001,325.40916151359266,8.755435528163247,58.359,81.1,45.8157081604004,8.78493976593018,35.26062176107955,12131630.0,30.3,2.85373304958379,4.969631827756125,5.74
ERI,Eritrea,2002,304.77575646509234,3.005429191737804,58.941,77.3,46.5302581787109,7.58100986480713,29.548932327054377,22766170.0,32.2,3.43914956264516,4.969631827756125,5.794
ERI,Eritrea,2003,348.95032707774243,-2.6555159248755444,59.455,73.8,47.3321685791016,7.356204986572265,26.543960407546425,24999790.0,32.4,4.13103377544635,4.969631827756125,5.79
ERI,Eritrea,2004,426.8409478870323,1.4517355659550617,60.063,70.5,47.4052391052246,7.1314001083374,20.262921745740936,24103660.0,33.4,4.10022739741036,4.969631827756125,5.704
ERI,Eritrea,2005,412.7530791994235,2.5744495512484638,60.628,67.5,51.6001396179199,6.2882800102233904,20.339439720604474,1431550.0,34.5,2.39315582930907,4.969631827756125,5.721
ERI,Eritrea,2006,447.9974047272008,-0.9692171107113552,61.457,64.7,53.1192588806152,5.44515991210938,13.68111654382438,15375610.0,35.6,1.57651841967655,4.969631827756125,5.707
ERI,Eritrea,2007,480.4476236545604,1.4268222112032305,61.998,62.0,50.1338500976562,5.44515991210938,12.673575413660869,7206500.0,36.7,1.45851723438561,4.969631827756125,5.719
ERI,Eritrea,2008,490.0669560033334,-9.783030017824558,62.422,59.6,51.3945808410645,5.44515991210938,12.713540480013885,39000000.0,37.8,2.63004117479615,4.969631827756125,5.683
ERI,Eritrea,2009,642.9257228800705,3.876501527542104,63.203,57.3,51.8130187988281,5.44515991210938,9.26379597839317,91000000.0,38.9,2.50908465799155,4.969631827756125,5.757
ERI,Eritrea,2010,539.6995120696864,2.194190348880824,63.665,55.2,51.5608596801758,5.44515991210938,12.385401492708317,91000000.0,40.1,1.96475727107645,4.969631827756125,5.854
ERI,Eritrea,2011,688.6816595768397,8.679800101380494,64.231,53.3,51.8398818969727,5.44515991210938,12.626317662695987,39000000.0,41.2,1.79351881087532,4.969631827756125,5.801
ETH,Ethiopia,2000,143.70111921423478,6.073217481252954,50.88,140.1,14.451319694519,14.9077301025391,0.0,134640000.0,12.7,3.06823302462214,0.6624581092664819,3.499
ETH,Ethiopia,2001,143.70111921423478,8.30130632267965,51.428,133.8,17.3430194854736,14.4617700576782,0.0,349400000.0,10.2,3.03351132311934,-2.907991251225815,3.16
ETH,Ethiopia,2002,143.70111921423478,1.5147257066743265,52.085,127.4,19.1939201354981,16.1877498626709,0.0,255000000.0,11.9,3.04403477269573,0.6750891021708005,3.054
ETH,Ethiopia,2003,143.70111921423478,-2.161359722568648,52.877,121.0,19.5667705535889,18.1346573829651,0.0,465000000.0,13.5,3.02102233073437,13.67404520282718,3.008
ETH,Ethiopia,2004,143.70111921423478,13.572603140147136,53.735,114.6,21.47705078125,20.0815649032593,0.0,545100000.0,15.2,2.99474712931538,3.327370478948471,2.776
ETH,Ethiopia,2005,158.24345808246497,11.818765949162469,54.364,108.3,23.8548793792725,22.0284724235535,0.0,265111675.482385,14.0,2.96602247201649,9.969971235128916,2.497
ETH,Ethiopia,2006,189.34573752141827,10.834727067937266,55.402,102.4,27.4775695800781,23.9753799438477,0.0,545257102.178303,18.6,2.93729031507005,12.29947631148247,2.337
ETH,Ethiopia,2007,237.14625599631884,11.45616700198913,56.566,96.9,30.251350402832,24.6994495391846,0.0,222000572.994807,20.3,2.93015925736888,17.24040083408976,2.337
ETH,Ethiopia,2008,316.4104751180748,10.78852168703324,57.733,91.8,31.3109302520752,26.3557300567627,0.0,108537543.965442,22.0,2.89435688963486,44.35668587669515,2.326
ETH,Ethiopia,2009,368.5747122674447,8.802553199048702,58.715,87.1,31.649019241333,23.5837497711182,0.0,221459581.361983,23.7,2.83966010377931,8.483644045302823,2.326
ETH,Ethiopia,2010,330.6194127986438,12.550538334763274,59.709,82.7,33.0478591918945,26.3040409088135,0.0,288271568.250744,25.5,2.83517457968806,8.149264029650821,2.295
ETH,Ethiopia,2011,343.0249423518872,11.178296229700765,60.595,78.6,34.4468994140625,29.674430847168,32.107666469452084,628624805.998664,23.0,2.84354457485296,33.24995988233441,2.27
ETH,Ethiopia,2012,452.1010318857536,8.647811635139263,61.443,74.8,36.2193489074707,30.5395393371582,37.0979619673542,278562822.162861,29.0,2.80390393439601,23.60041767731703,2.252
ETH,Ethiopia,2013,484.039833104062,10.582270050255204,62.161,71.2,35.450040004361504,27.0210990905762,34.08111831558721,1343876023.73137,30.8,2.71847231803133,7.464021929445171,2.251
ETH,Ethiopia,2014,549.9865770825876,10.25749296274772,62.927,67.7,34.6807311012523,25.9183807373047,37.99372530373778,1855052153.64106,27.2,2.68299781796922,6.890019515971918,2.361
ETH,Ethiopia,2015,597.9121132186633,10.392463014130657,63.592,64.4,33.9114221981431,22.3498306099001,40.67127298481225,2626517918.31299,29.0,2.68480186138776,9.568899559686232,2.442
ETH,Ethiopia,2016,641.6515232862331,9.433482659819049,64.162,61.3,33.9114221981431,23.0133628237675,37.34876296996457,4142937496.46329,42.9,2.70788250761242,6.628133372309241,2.556
ETH,Ethiopia,2017,696.3484290762159,9.56418965754014,64.766,58.4,33.9114221981431,23.3241718657101,38.44398715698064,4017159564.65434,44.3,2.72524097063889,10.68711502842382,2.665
ETH,Ethiopia,2018,739.7020222720861,6.816147785572824,65.257,55.8,33.9114221981431,22.991757345067,34.16295511241819,3360419368.65294,44.8,2.69675179524869,13.83303565866615,2.811
ETH,Ethiopia,2019,793.4732472189955,8.364085731113462,65.741,53.6,33.9114221981431,20.9222025193983,35.26397562333642,2548743427.35753,48.0,2.69123978261516,15.80963217193442,2.928
ETH,Ethiopia,2020,829.7909825529507,6.059530892485768,65.969,51.5,33.9114221981431,22.4477192882845,30.578968659828156,2395799880.65984,51.1,2.71077284780816,20.35634685590615,3.998
GAB,Gabon,2000,3982.906200927996,-1.882966397608968,61.81,73.3,48.6175193786621,17.7064895629883,21.90205642702733,278061231.967685,73.6,2.58540209287646,0.5049200258348586,17.848
GAB,Gabon,2001,3835.757182797274,2.1352334219742346,61.982,71.5,48.6175193786621,17.26888256073,22.745469074983937,-100615451.014713,77.2,2.6318642070048,2.137620527014649,17.827
GAB,Gabon,2002,3966.4800186466255,-0.2490331685434341,62.175,69.6,49.4348793029785,16.8312755584717,25.10709763910957,1160708.31013769,77.8,2.67810322358967,0.0366828893971394,17.376
GAB,Gabon,2003,4710.74862768151,2.247330011504502,62.463,67.7,50.660121499286845,16.3936685562134,22.639101475649294,99666154.0233406,78.5,2.72905696679518,2.235353135515361,17.126
GAB,Gabon,2004,5465.791935907084,0.6895430584648494,62.694,65.6,51.88536369559518,15.956061553955099,21.49605176969942,313970792.039638,79.2,2.80043793009716,0.4082053074392502,17.108
GAB,Gabon,2005,6547.876139551863,2.6762033331092567,62.978,63.6,53.110605891903525,15.518454551696799,21.364532301469165,326161877.897877,81.6,2.90380819435636,3.708333333333035,16.91
GAB,Gabon,2006,6847.009856853938,-2.806578355690519,63.259,61.8,54.33584808821187,15.080847549438499,24.045196261557525,267805000.0,80.5,3.01803087434569,-1.409401366009797,17.805
GAB,Gabon,2007,8003.542896960487,6.008108024876677,63.619,59.7,55.561090284520205,14.6432405471802,24.878694050686907,654808577.188853,81.3,3.12630083622847,5.03031883679951,18.257
GAB,Gabon,2008,9688.645196906333,-3.308430648787507,64.011,57.6,56.78633248082855,14.2056335449219,25.08989742717668,693511288.988999,82.0,3.22072516127824,5.264301455752853,19.212
GAB,Gabon,2009,7290.575260931136,0.130331119816617,64.361,55.6,58.01157467713689,13.7680265426636,27.981113361030985,635674956.848352,82.7,3.32765333333101,1.885707545779184,19.76
GAB,Gabon,2010,8356.746620133452,7.089887314551262,64.715,53.4,59.23681687344523,13.3304195404053,29.701113805534906,523939106.191844,89.3,3.44994267851283,1.46154402720469,20.39
GAB,Gabon,2011,10219.11393394536,7.091753342586543,65.102,51.3,60.46205906975357,13.5340795516968,26.64238956098649,1123536918.98497,88.7,3.54739719912158,1.26331707837421,19.895
GAB,Gabon,2012,9296.965879410882,5.251076917504065,65.438,49.4,61.68730126606191,12.5822696685791,26.966149964162245,677327365.545557,89.3,3.57746904510728,2.652418286956261,19.661
GAB,Gabon,2013,9197.701063239469,5.638699003386961,65.751,47.3,62.91254346237025,8.73756980895996,29.18059502799976,324032442.445876,86.4,3.52009296367142,0.5054410589156145,19.736
GAB,Gabon,2014,9201.362766481054,4.314964441074693,66.07,45.8,64.1377856586786,11.225489616394,35.139048603290746,1263109047.12989,87.1,3.35844001734251,4.690457518262837,19.873
GAB,Gabon,2015,7047.126546343554,3.878899395078904,66.336,44.4,65.36302785498694,11.6105217333224,29.230956292490166,41707702.3264655,87.3,3.11465625322556,-0.3387951887534059,19.943
GAB,Gabon,2016,6677.070039016437,2.091442208295618,66.583,42.7,66.58827005129527,10.3015422456439,26.982261043107545,1243660160.0,88.1,2.86485541015556,2.106707127840543,20.117
GAB,Gabon,2017,6921.73373135624,0.4726420309111461,66.816,41.4,67.81351224760363,15.2766716935965,21.298608436791337,1314029330.0,86.3,2.65889572463952,2.651925831439018,20.307
GAB,Gabon,2018,7624.277523377101,0.8379165808215703,67.043,39.9,69.03875444391196,14.6146271384588,19.258232428411382,1379070820.0,89.6,2.53688289832205,4.749066520832215,20.459
GAB,Gabon,2019,7441.178647228097,3.920808794528313,67.337,38.5,70.2639966402203,14.0744772919358,21.898796572231944,1553136880.0,90.3,2.47279132038176,2.464567561511867,20.371
GAB,Gabon,2020,6605.803460779041,-1.8377610635094044,67.073,36.8,70.2639966402203,15.7641649523771,19.863469107305416,1716511510.0,91.1,2.38922359813697,1.352761106753326,21.279
GHA,Ghana,2000,253.74693620334375,3.7000000816440775,58.139,99.9,32.5775909423828,15.7411098480225,23.998600497191788,165900000.0,43.7,2.51243583964957,40.24093312391401,10.456
GHA,Ghana,2001,263.5421564948529,4.0000001280791935,58.403,95.8,30.9433898925781,15.7411098480225,26.599421602439676,89320000.0,44.8,2.6631054412646,41.50949628780302,9.615
GHA,Ghana,2002,297.4616446877405,4.499999559003314,58.709,91.9,32.267578125,17.953823089599634,19.7,58930000.0,46.8,2.75013769977312,9.360932395603127,8.711
GHA,Ghana,2003,358.39927142072963,5.200000133101,59.014,88.2,33.6547889709473,20.166536331176765,22.93692797663764,136751000.0,48.3,2.69999623325849,29.77297971603836,7.728
GHA,Ghana,2004,406.1321053295653,5.5999999907744495,59.316,85.0,36.1445503234863,22.3792495727539,28.37750668405269,139270000.0,50.8,2.64856422445373,18.04273882325649,6.758
GHA,Ghana,2005,478.6119091910279,5.900003818551042,59.638,82.0,38.1276893615723,23.4299602508545,29.0021406363098,144970000.0,41.2,2.62275723095941,15.43899201559083,5.816
GHA,Ghana,2006,906.4410275648868,6.399912606180337,59.975,79.1,39.8474884033203,24.161979675293,22.465805737650008,636010000.0,55.1,2.59967236461776,11.67918393924918,4.897
GHA,Ghana,2007,1050.124615249259,4.346819104400794,60.282,76.2,43.759521484375,22.3170204162598,15.384544987774746,1383177929.85458,56.9,2.57742881770877,10.7342665456292,5.104
GHA,Ghana,2008,1182.6576125601646,9.14979893831817,60.578,73.1,46.0595817565918,24.0375003814697,16.49196394080335,2714916343.69978,60.5,2.5377798286274,16.49463961341201,5.144
GHA,Ghana,2009,1047.704300935863,4.844487051750761,60.928,69.8,47.9277191162109,22.4951305389404,16.431793108136734,2372540000.0,61.1,2.49528498609835,19.24694822208571,5.362
GHA,Ghana,2010,1263.8925176053897,7.899711940516212,61.297,66.5,51.7673244476318,20.6961402893066,13.100193707280525,2527350000.0,64.2,2.43301424000427,10.73338983549149,5.384
GHA,Ghana,2011,1507.435731987529,14.047123580314905,61.617,63.3,55.6069297790527,30.6343097686768,12.80999296631766,3247588000.0,64.1,2.40497145453178,8.7284593709302,4.213
GHA,Ghana,2012,1543.7752423576376,9.2927894063005,61.995,60.3,56.7326017795109,26.5813903808594,16.967722122964993,3294520000.0,56.5,2.4199090803465,11.18634094410672,3.126
GHA,Ghana,2013,2294.795846937434,7.31252501678145,62.397,57.5,68.1991424560547,21.2222099304199,24.771538053084303,3227000000.0,70.7,2.40927930949909,11.66619230717286,2.173
GHA,Ghana,2014,1949.908329238455,2.8562401633088257,62.832,54.9,63.974569978053,20.9851398468018,27.165066337446486,3363389444.44444,78.3,2.36498553072391,15.48961603333184,4.403
GHA,Ghana,2015,1722.7728283360616,2.120759338173343,63.175,52.5,67.0486566518056,23.8087997436523,27.70964117057431,3192320530.7897,74.0,2.30712733064921,17.14996950078776,6.806
GHA,Ghana,2016,1912.479913399506,3.3734657496693643,63.522,50.3,67.2644101341977,22.0933208465576,25.45565545371341,3485333369.27963,79.3,2.27621203911157,17.45463470708676,5.256
GHA,Ghana,2017,2012.2866264126544,8.128894881009558,63.829,48.2,66.6359450193038,20.0976390838623,19.56551995552145,3254990000.0,79.0,2.19535792776401,12.37192155070485,3.369
GHA,Ghana,2018,2195.321660163773,6.200077681272845,64.138,46.1,68.2222557975165,18.5981693267822,21.70933499990648,2989035000.0,80.4,2.07517136640112,7.80876516610703,3.204
GHA,Ghana,2019,2186.6582268261286,6.507774793915203,64.455,44.1,71.1877006008423,14.2717185267026,18.647275616147223,3879831469.7,83.5,2.00780519953703,7.143640033308569,3.067
GHA,Ghana,2020,2195.454816599868,0.5139416706281708,64.309,42.2,74.0102186341371,13.6294748829413,18.22366698578192,1875782953.46905,85.4,1.99181985149439,9.887289562699442,3.178
GIN,Guinea,2000,518.1570669240263,2.503060562996069,52.42,165.7,18.4985904693604,15.2369203567505,14.040978912470592,9942000.0,15.2,1.96135964318577,31.3733025877534,4.586
GIN,Guinea,2001,483.0851202147411,3.658346469295864,52.669,159.0,18.4985904693604,10.3699197769165,11.301127003163936,1677000.0,16.4,1.3098114321983,31.3733025877534,4.584
GIN,Guinea,2002,495.9160735592694,5.164609466966311,53.2,152.7,21.2247695922852,13.2051401138306,9.97077078957571,30000000.0,17.7,1.55813303817429,31.3733025877534,4.549
GIN,Guinea,2003,566.4854058806803,1.2486012592369775,53.589,146.9,22.6574001312256,11.6490497589111,14.825036393126911,78966000.0,18.9,2.24251877202579,31.3733025877534,4.628
GIN,Guinea,2004,584.8977405380814,2.340117312887372,53.975,141.6,24.6455307006836,12.3493995666504,14.21574366636363,97900000.0,20.2,2.14071157501219,31.3733025877534,4.709
GIN,Guinea,2005,463.1776868509797,2.997272562758184,54.422,137.0,29.0273208618164,10.9662103652954,13.397693567906105,105000000.0,20.2,2.00041954618802,31.3733025877534,4.814
GIN,Guinea,2006,446.9805541350129,1.18960211693242,54.875,133.1,32.2970886230469,12.542400360107433,24.56339769781609,125000000.0,22.8,2.09058658116716,34.69527059970722,4.863
GIN,Guinea,2007,650.1485753047425,6.817471110702812,55.233,129.7,32.7675895690918,14.118590354919467,23.419673353052648,385900000.0,24.1,2.31497296404672,18.17556561085974,4.787
GIN,Guinea,2008,703.5328257843689,4.133016159658325,55.703,126.9,33.2380905151367,15.6947803497315,26.21769765213423,381880000.0,25.4,2.41908604968745,23.06561293879799,4.803
GIN,Guinea,2009,662.1859146655747,-1.1226420484868669,56.052,124.4,34.407553354899065,13.6039304733276,21.30661224694992,91030000.0,26.7,2.44158489420853,4.684388689765041,4.914
GIN,Guinea,2010,659.2353262113152,4.8133601696755335,56.431,122.2,35.57701619466143,12.4387702941894,20.32540116379067,523545000.0,28.1,2.45929310036327,15.05026885590008,5.018
GIN,Guinea,2011,636.6949587476483,5.612111774309753,56.778,120.3,36.7464790344238,14.2724199295044,24.05333274433221,956060000.0,29.5,2.47697352651722,21.3169268542577,5.024
GIN,Guinea,2012,699.3533772121965,5.915286261333222,57.117,118.4,36.8766899108887,9.69552040100098,26.02152851917079,605560000.0,26.2,2.45416156342286,15.2262941038638,4.874
GIN,Guinea,2013,748.4550208247343,3.945687086240525,57.459,116.6,37.715784072876005,14.1452102661133,23.493961394340868,189999.999999999,32.2,2.44471498509098,11.88758844818276,4.944
GIN,Guinea,2014,765.1469993892789,3.6965531166408567,57.581,115.4,38.5548782348633,12.0756196975708,22.816577418033276,-73758603.6635933,33.5,2.48019346390261,6.150505567064199,5.044
GIN,Guinea,2015,747.3569667594476,3.825910569494354,57.899,113.7,38.5548782348633,11.6095399856567,24.163366832960023,53272458.4212993,34.9,2.53151277572433,11.78008250298339,5.15
GIN,Guinea,2016,711.9965097823158,10.82062719659001,58.49,111.4,38.5548782348633,15.831259727478,52.66984451183752,1618447260.26485,33.5,2.56690869267138,8.172681122751316,4.997
GIN,Guinea,2017,833.598621691121,10.300005342735515,58.715,109.5,38.5548782348633,13.4363498687744,22.270417145837047,577590000.0,35.4,2.55652318226129,8.91435947913097,4.86
GIN,Guinea,2018,933.273615633705,6.3584919273671545,59.043,107.5,38.5548782348633,14.9808397293091,19.54731481832645,352760000.0,45.0,2.54385572881799,9.827617012591912,4.835
GIN,Guinea,2019,1031.341464807319,5.616914468898756,59.379,105.4,38.5548782348633,12.4843502044678,19.72855769897844,44400000.0,42.2,2.56100451729991,9.470010392530124,5.018
GIN,Guinea,2020,1053.660976964146,4.70459096113575,59.35,102.9,38.5548782348633,14.3359003067017,31.51640099906089,176350000.0,44.7,2.55139953603925,10.60162033871666,6.007
GMB,"Gambia, The",2000,538.0540723488539,5.500000216329553,56.899,112.8,45.2912902832031,11.921799659729,4.562497396772088,43520000.0,34.3,2.73837212713207,0.8449695667737002,9.722
GMB,"Gambia, The",2001,459.8030683813988,5.800000243233768,57.283,108.1,45.2912902832031,8.2052698135376,11.17274013528459,35480000.0,29.9,2.70699337593192,4.492596092397543,9.64
GMB,"Gambia, The",2002,376.5310269625844,-3.2500001497020605,57.736,103.6,45.2912902832031,10.9475202560425,7.27832762883119,42827000.0,31.5,2.68468779375919,8.60912474386327,10.039
GMB,"Gambia, The",2003,308.7191234375875,6.869999621738415,58.223,99.2,45.2912902832031,8.46883964538574,10.038886007172517,18272720.342347,27.8,2.69312348458537,17.03286654319883,9.991
GMB,"Gambia, The",2004,593.2853463265806,7.0500000006463495,58.749,94.9,45.2912902832031,5.02954006195068,14.318376524309922,55526319.440783,34.8,2.73240205558954,14.20674328455688,9.948
GMB,"Gambia, The",2005,616.4836578653483,-2.351729361760192,59.11,90.7,45.2912902832031,5.34417009353638,13.831850665864678,53650280.019084,30.5,2.78121010687734,4.838621775431567,9.92
GMB,"Gambia, The",2006,614.5443079044642,-0.555580977246521,59.667,86.8,45.2912902832031,5.36076021194458,15.690685308832302,82208102.5877649,38.1,2.852561853424,2.056503423659901,10.241
GMB,"Gambia, The",2007,724.7264072424318,3.043249508297393,60.001,83.0,45.2912902832031,7.2975001335144,12.566520878269117,78094820.9585794,39.8,2.90157035551494,5.369134738019567,10.425
GMB,"Gambia, The",2008,859.1276714112262,6.255905533942865,60.473,79.4,45.2912902832031,18.8817100524902,10.522434729592716,70792382.3207137,41.5,2.90664631280342,4.443654909450098,10.065
GMB,"Gambia, The",2009,774.8880309080911,6.6657243078366974,60.735,76.0,46.214469909668,13.293740272522,12.891413804664747,39447343.7084005,43.2,2.90429853945953,4.561506876709827,9.778
GMB,"Gambia, The",2010,801.0333727145356,5.908335809682882,61.167,72.7,45.5351409912109,17.6112308502197,13.876710527504333,37140887.8131733,46.8,2.90737929979677,5.049680758574017,9.673
GMB,"Gambia, The",2011,710.6084114681515,-8.130444223156587,61.561,69.7,45.5351409912109,15.118330001831,12.896168285230091,36077136.0813734,48.3,2.92337692748517,4.7958826618311,10.276
GMB,"Gambia, The",2012,692.579361628102,5.241569246307407,61.9,66.8,45.5351409912109,13.7955303192139,20.877168649491693,41183457.7698366,49.9,2.94591935774346,4.254321998138986,10.346
GMB,"Gambia, The",2013,653.8627132727431,2.872768790327001,62.252,64.0,45.5351409912109,10.5854196548462,14.711533127779068,68340322.3788479,51.5,2.92894143394412,5.69912989637382,9.454
GMB,"Gambia, The",2014,568.0045355886399,-1.4073824951095446,62.576,61.4,45.5351409912109,11.7523202896118,16.652612201521222,23014092.042456,53.0,2.84475839442236,5.947999356966258,8.191
GMB,"Gambia, The",2015,619.5363642964605,4.058073803999605,62.971,58.9,45.5351409912109,11.0329303741455,20.349814042973914,71976051.7034138,54.7,2.73428839872651,6.808454945796099,7.226
GMB,"Gambia, The",2016,650.0565013236113,1.943359654787756,63.386,56.6,45.5351409912109,10.4499597549438,24.919934192265963,69830172.212844,56.4,2.62819405087404,7.228792720579224,6.244
GMB,"Gambia, The",2017,642.5226412963307,4.822611249275695,63.708,54.3,45.5351409912109,15.4411375607626,22.959726682721318,64338516.0351372,56.2,2.52588138504562,8.034189745459113,5.097
GMB,"Gambia, The",2018,696.2198069606148,7.234890332585792,64.034,52.3,45.5351409912109,12.444580078125,20.87842425692631,81805006.5959045,60.3,2.42294300881827,6.520968239465726,4.055
GMB,"Gambia, The",2019,738.1867519874828,6.222053159948587,64.427,50.4,45.5351409912109,16.8520454483021,24.653843161222817,71083305.8667937,62.1,2.35622071960344,7.115676256311922,4.481
GMB,"Gambia, The",2020,720.3351433521331,0.5914872878739743,64.418,48.6,45.5351409912109,14.2760600158847,32.342054688720026,189576190.794226,62.2,2.3686612920428,5.931276365624406,5.84
GNB,Guinea-Bissau,2000,316.94549503763886,1.1002781577742269,50.565,174.8,17.9289207458496,9.06923961639404,20.06075190518219,702270.0,1.3,2.00706384351502,8.636320949302783,3.358
GNB,Guinea-Bissau,2001,327.1384319723973,4.785971650048197,51.054,169.3,20.76859664916992,9.06923961639404,18.882171385708844,395613.596288615,1.3,2.12602969093669,3.348122655271079,2.958
GNB,Guinea-Bissau,2002,362.0345745703541,3.653936036427126,51.608,163.6,23.60827255249024,9.06923961639404,23.596123244333768,3545253.68893724,1.3,2.19833363261225,3.300121752837517,3.146
GNB,Guinea-Bissau,2003,419.7848661180698,-0.2859310522865144,52.186,157.7,26.44794845581056,9.06923961639404,27.64774494113997,4005503.68688217,2.6,2.26219170729877,-2.907991251225815,3.169
GNB,Guinea-Bissau,2004,431.3765576696339,1.1718915227703803,52.8,151.6,29.28762435913088,9.06923961639404,20.96163089592619,1915633.35188715,3.9,2.30540545476551,0.8833026969309434,3.226
GNB,Guinea-Bissau,2005,463.0739626504516,6.559771118460773,52.949,145.3,32.1273002624512,9.06923961639404,18.252761356444143,8692468.08975684,5.2,2.34505544706955,3.329199228028556,3.184
GNB,Guinea-Bissau,2006,448.5130754697008,2.666504932695716,54.089,139.1,34.3966407775879,9.06923961639404,20.07909878531464,17887123.5620828,14.5,2.41122516333709,1.954737176289165,3.143
GNB,Guinea-Bissau,2007,519.0697897947414,2.559826470787513,54.87,132.8,34.3966407775879,9.06923961639404,24.272638166037076,18770117.49192,7.9,2.48996828898925,4.617437722419966,3.125
GNB,Guinea-Bissau,2008,640.2103311017534,4.524575146102521,55.3,126.5,34.3966407775879,9.06923961639404,17.33902597663357,6630074.02775762,9.3,2.52259007377628,10.46007313547063,3.157
GNB,Guinea-Bissau,2009,583.1900201390936,2.4479510609868527,56.297,120.2,34.3966407775879,9.06923961639404,18.364874041082437,18890200.0,4.7,2.54277273891846,-1.65139733620775,3.163
GNB,Guinea-Bissau,2010,600.1942985407677,5.605363113582612,56.999,114.3,34.3966407775879,9.06923961639404,19.49361491007657,26240200.0,6.0,2.58492032110101,2.517851401717014,3.121
GNB,Guinea-Bissau,2011,719.5395734989372,8.085041671735539,57.663,108.6,34.3966407775879,10.1997404098511,15.845682453640892,25024047.388377,13.5,2.62922766462762,5.046102263202,3.072
GNB,Guinea-Bissau,2012,635.4616533038806,-1.7128695844641868,58.27,103.6,34.3966407775879,14.5397996902466,19.354190906540524,6624917.19274534,14.9,2.65952739224803,2.130545802745028,3.135
GNB,Guinea-Bissau,2013,654.304534409417,3.256071908520866,58.879,99.1,34.3966407775879,16.1913795471191,19.23023419150857,19639703.7983811,16.3,2.66229101877146,1.207125556684045,3.173
GNB,Guinea-Bissau,2014,652.0225010294494,0.9645257458414278,59.476,95.2,34.3966407775879,16.1913795471191,20.139936419898746,28852727.6882278,17.2,2.62731155689981,-1.509244605704939,3.285
GNB,Guinea-Bissau,2015,645.0668372070388,6.134089362312295,60.071,91.6,34.3966407775879,16.1913795471191,14.686209997607524,18575499.4478127,20.1,2.57045957815277,1.476720489104847,3.168
GNB,Guinea-Bissau,2016,679.6653866268176,5.432678265030404,60.619,88.2,34.3966407775879,16.1913795471191,17.67135875354753,23998591.3709028,22.9,2.51155296505032,1.503120558610882,3.139
GNB,Guinea-Bissau,2017,783.123186602022,4.663679439132636,61.148,85.1,34.3966407775879,16.1913795471191,18.120725953748625,15691197.9520896,26.0,2.4363257519627,1.691114618222977,3.089
GNB,Guinea-Bissau,2018,808.531613218504,3.761453596370032,61.652,82.2,34.3966407775879,16.1913795471191,19.1670199875353,20563818.2174004,28.4,2.37405997248475,0.3813247027909915,3.127
GNB,Guinea-Bissau,2019,811.2100040500414,5.327495711193436,62.161,79.5,34.3966407775879,16.1913795471191,22.655331468658837,71658680.3379901,30.9,2.34095994762157,0.2466002681478295,2.413
GNB,Guinea-Bissau,2020,846.9181349676135,2.891499798069134,61.343,76.7,34.3966407775879,16.1913795471191,25.65205390761147,20989721.6146961,33.4,2.28895000835492,1.140009393932222,2.887
GNQ,Equatorial Guinea,2000,1487.3165506700975,18.21377995696743,53.395,154.5,21.7535190582275,15.886549949646,39.47674882350464,154499590.0,64.8,5.26428495953201,4.802288869013977,7.444
GNQ,Equatorial Guinea,2001,1948.6114590784368,63.37987542506022,53.827,150.2,18.6993808746338,15.886549949646,39.47674882350464,940741220.0,64.9,6.41008323195062,8.825389258549661,7.551
GNQ,Equatorial Guinea,2002,2264.210655803648,19.4628340359251,54.324,145.9,18.1188793182373,15.886549949646,39.47674882350464,323391510.0,64.9,6.2200195333548,7.5924784983324,7.646
GNQ,Equatorial Guinea,2003,2930.6018374373293,13.95525031638249,54.791,141.5,17.999079386393234,15.886549949646,39.47674882350464,689779770.0,64.9,6.06631754137354,7.323543993518087,7.701
GNQ,Equatorial Guinea,2004,4901.301274081193,37.9987268556423,55.307,137.0,17.879279454549167,15.886549949646,39.47674882350464,340914470.0,64.9,5.95846501494265,4.219687870948341,7.658
GNQ,Equatorial Guinea,2005,8673.902608653498,16.748700605354088,55.766,132.3,17.7594795227051,15.886549949646,39.47674882350464,769146190.0,65.0,5.13840208613784,5.631633513576132,7.667
GNQ,Equatorial Guinea,2006,10184.884124854148,7.704917606587671,56.354,127.4,17.7594795227051,15.886549949646,26.501124542248167,469506010.0,65.1,4.43647900593476,4.415899841695609,7.612
GNQ,Equatorial Guinea,2007,12616.95329420112,15.282113919485724,56.857,122.6,17.7594795227051,15.886549949646,29.585907339941,1242731090.0,65.1,4.51135451899463,2.803738317757037,7.592
GNQ,Equatorial Guinea,2008,14984.382277034312,17.799109133381137,57.384,118.0,17.7594795227051,15.886549949646,27.54175181281728,-793872330.0,65.2,4.57370994415875,6.551766911845354,7.571
GNQ,Equatorial Guinea,2009,13232.501937810184,1.3433562880609458,57.881,113.5,17.7594795227051,15.886549949646,39.39282565091287,1636219630.0,65.4,4.60787133294314,4.691065677473749,7.702
GNQ,Equatorial Guinea,2010,13720.165872322244,-8.924175888518064,58.344,109.4,17.7594795227051,15.886549949646,38.05629949259771,2734000000.0,66.1,4.59586770504622,7.789165479911835,7.847
GNQ,Equatorial Guinea,2011,14984.382277034312,6.523923629898732,58.827,105.6,17.7594795227051,15.886549949646,32.049271265901595,1975000000.0,66.1,4.34060206449919,4.805389221557,7.837
GNQ,Equatorial Guinea,2012,14984.382277034312,8.31287184445641,59.301,102.0,17.7594795227051,15.886549949646,41.14814289579879,985256410.0,65.7,4.07484554769573,3.656620482788057,7.761
GNQ,Equatorial Guinea,2013,14984.382277034312,-4.133198501315832,59.784,98.6,17.7594795227051,15.886549949646,30.3080451576082,582948700.0,65.9,3.99605995538999,2.948876946396622,7.675
GNQ,Equatorial Guinea,2014,14984.382277034312,0.4150663015968661,60.228,95.3,17.7594795227051,15.886549949646,28.709300174599967,167875180.0,66.0,3.90501924555756,4.309998661491074,7.669
GNQ,Equatorial Guinea,2015,9068.910032386446,-9.11004114881537,60.635,92.1,17.7594795227051,15.886549949646,24.701452904397712,1187699010.0,66.1,3.79160484192286,1.676630853159882,7.778
GNQ,Equatorial Guinea,2016,7453.197979485167,-8.816417232197566,61.081,89.0,17.7594795227051,15.886549949646,16.698645990314347,1755302290.0,66.2,3.66421838047825,1.411939154790155,7.798
GNQ,Equatorial Guinea,2017,7809.104656554882,-5.667508504866859,61.481,86.1,17.7594795227051,15.886549949646,14.031716654129983,384833210.0,66.4,3.53129362583944,0.7443547466124104,7.843
GNQ,Equatorial Guinea,2018,8102.470848340313,-6.236544067345747,61.915,83.2,17.7594795227051,15.886549949646,12.501496627553424,-144465770.0,66.5,3.39945242088076,1.060074106621712,7.818
GNQ,Equatorial Guinea,2019,6804.149230738878,-5.481825378934445,62.297,80.7,17.7594795227051,15.886549949646,10.891703090740965,821413130.0,66.6,3.271454421427,1.53027528964189,7.917
GNQ,Equatorial Guinea,2020,5764.055029129468,-4.791080833832936,62.141,77.9,17.7594795227051,15.886549949646,6.988464058538074,-9072490.0,66.7,2.73390823188935,4.766695239442282,8.625
KEN,Kenya,2000,414.6263651308463,0.5996953908074261,56.084,95.2,40.9617881774902,24.0661392211914,17.414090615451098,110904550.399761,15.2,3.01293994477925,9.98002515350979,2.884
KEN,Kenya,2001,410.7004524748136,3.7799064979534336,56.501,90.5,41.6857109069824,22.9616107940674,18.79034052425896,5302622.93940565,17.0,3.13629206541925,5.738598143414668,2.876
KEN,Kenya,2002,402.9363856053818,0.5468595301755954,56.759,85.6,41.8610191345215,26.8472194671631,15.138215889346156,27618447.058206,18.9,3.14626442047843,1.961308217391622,2.916
KEN,Kenya,2003,442.8984572534054,2.932475545709039,57.369,80.8,43.5811309814453,25.8499698638916,16.482149389193328,81738242.6366211,16.0,3.08528898836117,9.81569062979654,2.869
KEN,Kenya,2004,463.66278130012114,5.104299776297381,57.947,76.1,47.1179389953613,27.5977096557617,16.96249555648502,46063931.4543862,22.6,3.10482476419105,11.62403554424262,2.844
KEN,Kenya,2005,523.4563124338626,5.906666079800573,58.51,71.2,47.2635917663574,28.9434394836426,17.649684790478375,21211685.3952229,24.5,3.07223123352542,10.31277835746826,2.739
KEN,Kenya,2006,699.8023706338097,6.472494300154835,59.059,66.8,48.8131103515625,26.9538707733154,18.633585404403014,50674725.1830694,26.4,3.04704867411558,14.45373420817078,2.673
KEN,Kenya,2007,840.2014394767648,6.8507297699878364,59.407,62.9,50.8713607788086,25.303405761718725,20.45697838890854,729044146.043719,28.3,3.02220921188685,9.75888023027529,2.642
KEN,Kenya,2008,915.5443547360396,0.2322827448129771,59.955,58.0,57.0353507995605,23.65294075012205,19.612711422769827,95585680.2334439,30.3,3.02964938264436,26.23981664450627,2.751
KEN,Kenya,2009,1047.967832448497,3.306939816310887,60.483,55.2,57.7407112121582,22.002475738525376,19.019172424825424,116257608.986359,23.0,3.0211086032266,9.234125923946518,2.816
KEN,Kenya,2010,1091.518731011939,8.05847360290906,60.915,53.1,60.2131070211623,20.3520107269287,21.26399879920948,178064606.752108,19.2,2.90158845467743,3.961388891153851,2.793
KEN,Kenya,2011,1096.1449980767547,5.121106119705601,61.283,51.7,62.685502830166406,20.1919708251953,21.8858122759467,1450474757.0818,36.2,2.75013743696978,14.02249130147042,2.699
KEN,Kenya,2012,1285.005361715117,4.56867961444982,61.537,50.7,65.1578986391705,19.4848194122314,22.193362925882347,1380173661.94265,38.1,2.6080744180495,9.377770035475985,2.678
KEN,Kenya,2013,1370.8788521465926,3.7978483925754034,61.729,49.4,67.63029444817461,18.6894607543945,22.404968103986164,1118825000.1933,40.1,2.47210752389349,5.717493570377329,2.762
KEN,Kenya,2014,1482.8156625349743,5.020111002324839,61.99,48.3,70.10269025717871,17.8151798248291,24.950718998773283,820937598.360539,36.0,2.33901192230694,6.878154992759489,2.767
KEN,Kenya,2015,1489.1195977728398,4.96772112759767,62.279,46.8,72.5750860661828,17.3620891571045,22.103398202029336,619724465.016411,41.6,2.2270329432256,6.582154292847786,2.762
KEN,Kenya,2016,1554.1261031442327,4.213517068147439,62.526,45.5,74.4698594945796,17.4983806610107,19.34843583093321,469533310.683932,53.1,2.20775684612709,6.297249538146249,2.757
KEN,Kenya,2017,1667.4844723083545,3.837958173647209,62.725,44.7,74.4698594945796,17.6313991546631,20.663494902277343,1346085345.21691,55.8,2.17412854990493,8.005649677099447,3.542
KEN,Kenya,2018,1836.4527552899292,5.647946407092192,62.825,43.7,74.4698594945796,18.9511203765869,19.3759862497025,767761506.730644,61.2,2.03083744189606,4.689806467763299,4.284
KEN,Kenya,2019,1960.408088548926,5.114158857678007,62.939,42.7,74.4698594945796,19.0511436531615,19.341832420419102,469940266.776669,69.7,1.96381549826771,5.239637957647923,5.014
KEN,Kenya,2020,1927.6645902784887,-0.2727663274388163,61.596,42.1,74.4698594945796,17.764854770928,19.651584170705373,-5403752.28986896,71.5,1.96197633664853,5.40516207933392,5.613
LBR,Liberia,2000,298.48534057894545,28.61593425461828,51.852,194.9,34.139778137207,6.45407009124756,21.525210677873595,20800000.0,3.0,3.70256844774732,14.15964701163247,2.018
LBR,Liberia,2001,300.46382859898296,2.920274765697812,53.109,181.7,35.00415732643818,6.45407009124756,21.525210677873595,8300000.0,3.0,2.9352375714594,14.15964701163247,2.104
LBR,Liberia,2002,299.5364455396212,3.763017617000713,54.061,168.6,35.86853651566937,6.45407009124756,21.525210677873595,2800000.0,3.0,2.60055374367034,14.15964701163247,2.222
LBR,Liberia,2003,239.7795566770913,-30.145132727942027,53.045,156.2,36.73291570490055,6.45407009124756,21.525210677873595,372220000.0,3.0,0.79655231018503,10.33028812368235,2.42
LBR,Liberia,2004,284.1402239924584,2.619846894774128,55.949,144.8,37.59729489413173,6.45407009124756,21.525210677873595,75351731.6495429,3.0,1.19050087276777,7.829087048832354,2.424
LBR,Liberia,2005,287.4873334413809,5.281212453092948,56.765,134.9,38.46167408336291,6.45407009124756,21.525210677873595,82802111.4380609,3.0,4.46419976403406,10.83435884814136,2.413
LBR,Liberia,2006,320.55808618514965,8.04390997190059,57.495,126.5,39.326053272594095,6.45407009124756,21.525210677873595,107856671.53394,3.0,5.58972152870902,7.341446082785579,2.28
LBR,Liberia,2007,374.2113081042777,9.535275362822816,58.147,119.6,40.190432461825274,6.45407009124756,21.525210677873595,131637661.595465,3.0,4.98055607463838,11.39189668071025,2.232
LBR,Liberia,2008,451.7138562832848,7.145691128114763,58.675,114.0,41.054811651056454,6.45407009124756,21.525210677873595,283536077.408014,1.3,4.05801806274783,17.48944864299302,2.221
LBR,Liberia,2009,448.3863670255448,5.300540502915311,59.106,109.5,41.919190840287634,6.136637568473818,21.525210677873595,127803424.522852,1.9,3.14360024630264,7.427643059149192,2.241
LBR,Liberia,2010,492.2528080337235,6.0998252400414685,59.358,105.7,42.78357002951882,5.819205045700075,21.525210677873595,2064680994.23868,5.3,2.89605811562763,7.289927968902182,2.266
LBR,Liberia,2011,568.0878655200041,8.200768224970645,59.486,102.4,43.64794921875,5.501772522926332,21.525210677873595,2086006933.33333,4.1,3.92046987945605,8.488167518494,2.211
LBR,Liberia,2012,638.3687514620826,7.993814445553667,59.785,99.5,41.3551534016927,5.18434000015259,21.525210677873595,2309981241.25,9.3,3.53448694358844,6.831787034185483,2.146
LBR,Liberia,2013,710.7445709278632,8.687287816396832,59.992,97.0,39.0623575846354,5.65268993377685,21.525210677873595,1998675365.66,9.8,2.19827693086756,7.577306817413998,2.08
LBR,Liberia,2014,706.7144900645072,0.7013931002875182,59.21,97.0,36.7695617675781,6.76014995574951,21.525210677873595,501870828.620424,9.4,2.08217532534285,9.861112855749038,2.079
LBR,Liberia,2015,692.590082351257,-0.0185649695590939,59.248,93.2,36.3728485107422,7.096466700236,21.525210677873595,232679832.473779,15.2,2.06297096669961,7.748696876213224,2.557
LBR,Liberia,2016,714.6130631456588,-1.5549586174877987,60.483,91.5,36.6466148376465,7.43278344472249,21.525210677873595,311699760.322874,17.7,2.04312155500225,8.834248683364876,3.081
LBR,Liberia,2017,699.2690957274035,2.455155920122394,60.777,90.3,36.920381164550804,7.76910018920898,21.525210677873595,247842983.014049,24.2,1.94324776688719,12.41963239071377,3.067
LBR,Liberia,2018,692.2031271297944,1.1575751220735526,60.999,89.4,37.1941474914551,7.96435022354126,21.525210677873595,129129754.833293,22.8,1.95645231379837,23.56351489537417,3.058
LBR,Liberia,2019,658.1641807705065,-2.467297635326858,61.232,88.7,37.4679138183594,7.96435022354126,21.525210677873595,86681700.4596762,23.1,1.98225492944197,26.96627601978781,3.071
LBR,Liberia,2020,616.787867006715,-2.982491276494727,61.267,88.3,37.7416801452637,7.96435022354126,21.525210677873595,-94014462.196,27.6,2.07483340649162,16.95572414962546,4.102
LBY,Libya,2000,7214.100403770844,3.679270408199997,70.542,28.1,110.586441040039,15.886549949646,11.840628507295174,141000000.0,99.8,1.65322614160708,-2.900000000000242,19.275
LBY,Libya,2001,6312.800304989652,-1.7628388706260267,70.653,27.3,110.586441040039,15.886549949646,10.746124031007753,-133000000.0,96.9,1.84188849101584,-2.907991251225815,19.239
LBY,Libya,2002,3718.294346967551,-0.9588973328496307,70.788,26.5,110.586441040039,15.886549949646,13.516838382285098,145000000.0,95.2,1.92033997804202,-2.907991251225815,19.281
LBY,Libya,2003,4674.099432003214,13.016037247801336,70.996,25.5,106.755638122559,15.886549949646,19.358996133254017,143000000.0,93.5,1.99485254520156,-2.191151919866467,19.074
LBY,Libya,2004,5773.763332342814,4.461638996486371,71.21,24.4,100.22039794921895,15.886549949646,11.638946561694418,357000000.0,91.8,2.06583711688529,-2.197567740558977,18.938
LBY,Libya,2005,8079.249573290012,11.870756522615096,71.439,23.1,93.6851577758789,15.886549949646,9.516585448556482,1038000000.0,90.1,2.10615511958762,2.650205761316574,18.66
LBY,Libya,2006,10048.84804342891,6.50052541959279,71.632,21.7,97.6095123291016,15.886549949646,21.04826439957384,2064000000.0,88.4,2.05113885258773,1.459268762027218,18.805
LBY,Libya,2007,11144.94484134354,6.229982785618375,71.788,20.2,97.6095123291016,15.886549949646,19.10967794508827,4689000000.0,86.8,2.05506946829407,6.25098782993553,18.771
LBY,Libya,2008,13906.1407818125,-0.1620482387998834,71.936,18.8,97.6095123291016,15.886549949646,21.664812999547586,4111300000.0,85.1,2.12409959672873,10.3607288954998,19.041
LBY,Libya,2009,9551.054038697546,-4.400181763102097,72.071,17.6,97.6095123291016,15.886549949646,26.0180306878529,1371000000.0,83.5,2.08315407578494,2.459900256099543,19.29
LBY,Libya,2010,11600.906864947192,5.027247672377499,72.196,16.6,97.6095123291016,15.886549949646,19.80079923260266,1784000000.0,81.9,2.0390577056462,2.799895001092647,19.321
LBY,Libya,2011,7593.839152570198,-50.33851513849862,69.95,19.6,97.6095123291016,15.886549949646,8.442420696497162,1604500000.0,80.3,-2.4085814162192,15.5184815317562,19.504
LBY,Libya,2012,14975.890279514448,86.82674843957844,72.188,15.0,97.6095123291016,15.886549949646,15.218765416872223,1425000000.0,78.7,-2.61743182302169,6.059803921568547,19.03
LBY,Libya,2013,11951.713412601106,-17.997961574568123,72.339,14.4,97.6095123291016,15.886549949646,21.68551731622965,702000000.0,77.1,2.00744391901146,2.605818027195169,19.311
LBY,Libya,2014,8926.420745914742,-23.042805828221503,71.3,13.8,97.6095123291016,15.886549949646,26.2237211424,702000000.0,75.5,1.92631083217923,2.432941415992335,19.295
LBY,Libya,2015,7458.489177563744,-0.842656252118843,71.644,13.3,97.6095123291016,15.886549949646,17.382012837145986,702000000.0,73.8,1.61383897825773,10.40229335881513,19.69
LBY,Libya,2016,7525.8029930821585,-1.4909411172621958,71.799,12.8,97.6095123291016,15.886549949646,13.800467460754334,702000000.0,72.2,1.52399514586306,25.85387421244604,19.559
LBY,Libya,2017,9965.832367297568,32.49180218626876,72.721,12.4,97.6095123291016,15.886549949646,13.707756176459904,702000000.0,70.6,1.59519992425695,25.80361847883369,19.053
LBY,Libya,2018,11196.585481084374,7.941367852910403,73.151,11.9,97.6095123291016,15.886549949646,15.13376304885936,702000000.0,67.0,1.62332708641058,13.17020385367216,18.865
LBY,Libya,2019,9963.194890844828,-11.196082885338583,72.941,11.6,97.6095123291016,15.886549949646,13.755344293444589,702000000.0,68.5,1.47795950725002,-2.162178834705906,19.087
LBY,Libya,2020,6650.338105853479,-29.455296728282377,72.388,11.2,97.6095123291016,15.886549949646,9.449830477215093,702000000.0,69.4,1.3484498033463,1.447036569987408,19.651
LSO,Lesotho,2000,442.77954577908105,3.875546775766935,48.783,108.3,28.7576808929443,19.1415996551514,24.924601934225844,32403928.0879325,4.3,0.0338894483530851,6.131975387226955,16.169
LSO,Lesotho,2001,412.6774736768215,3.561581833920925,47.153,110.3,30.2747707366943,22.9656295776367,24.924601934225844,29695245.8764432,1.3,-0.152817947191406,-2.907991251225815,16.081
LSO,Lesotho,2002,388.9233498513496,0.7238360671671273,45.95,112.1,31.2329406738281,23.4870796203613,24.924601934225844,28391254.9617369,3.4,-0.30904544946415,33.81257833812596,16.079
LSO,Lesotho,2003,583.2700362002877,4.559777163845283,44.921,113.2,32.0320014953613,31.5068492889404,24.924601934225844,43948139.9839825,5.4,-0.483449852068026,6.62916357146762,16.056
LSO,Lesotho,2004,766.6858209282425,1.6923741735859608,44.039,113.9,34.4488716125488,27.1636009216309,24.924601934225844,55671430.9384429,6.8,-0.704216157980622,5.023420686162853,16.154
LSO,Lesotho,2005,861.3814964149951,3.4661222275531145,43.611,114.6,36.768440246582,32.5390510559082,24.924601934225844,27438279.6374854,9.6,-0.920090941162442,3.437884230574427,16.031
LSO,Lesotho,2006,925.4674855028424,4.230095228052093,43.182,114.7,38.4086112976074,28.9593200683594,24.924601934225844,24322286.6909769,9.7,-0.411119833657806,6.072718797342934,16.054
LSO,Lesotho,2007,861.1884208995633,4.187914099571515,43.66,111.9,41.5562515258789,26.58895015716555,24.924601934225844,75618842.2948835,13.9,0.420949997112671,8.01243669043409,15.942
LSO,Lesotho,2008,898.482517882593,5.523419669786463,44.304,111.6,44.7508811950684,24.2185802459717,27.981442862733815,11009973.0619521,16.0,0.677229463442686,10.71566613096811,15.851
LSO,Lesotho,2009,878.8479505377716,-1.2537577992083158,45.055,99.1,49.1937294006348,22.749639490975202,30.538219790262005,91348357.1137564,17.0,0.726654299508152,-2.907991251225815,16.115
LSO,Lesotho,2010,1119.4755779304196,5.269670780562862,46.045,90.9,54.2426986694336,21.2806987359787,31.301190043075128,9508668.85923674,17.0,0.772821659424366,-2.405242545987059,16.068
LSO,Lesotho,2011,1280.733909315806,4.616413945287519,46.93,85.2,56.9506416320801,19.8117579809822,25.33164250948851,61173319.2085145,22.5,0.885634151913232,5.0366305210156,16.115
LSO,Lesotho,2012,1217.9307122894418,6.334083746794477,48.235,81.4,59.0772018432617,18.3428172259857,35.720596050189606,56652703.2135149,20.6,1.00510607755205,6.051436621399669,15.761
LSO,Lesotho,2013,1151.0373583722674,1.7925255557554465,49.547,79.3,57.7590713500977,16.873876470989202,32.66674550530554,50427512.809291,26.9,1.08291299578498,4.865118994963848,15.926
LSO,Lesotho,2014,1173.5377928819005,1.710549905454755,50.786,77.6,58.2575629391492,15.4049357159927,34.09681828083943,94460146.9805723,27.8,1.14032275206417,5.370289610085872,16.066
LSO,Lesotho,2015,1121.1985134251822,3.1240667804454603,51.83,75.1,59.3985096286536,13.9359949609962,30.436634736956776,113220010.397593,31.8,1.17199706979444,3.218445136559305,16.223
LSO,Lesotho,2016,992.4918406784652,3.608907316877136,52.908,71.4,56.8386993408203,13.9976402445565,28.77600636910527,79234566.0376044,35.1,1.21894302061673,6.596504906965434,16.138
LSO,Lesotho,2017,1069.366732475424,-3.1381749373347105,53.874,70.1,59.3586515505342,15.115309715271,22.205612982932216,42168765.5665983,33.7,1.24492806980041,4.447699373763005,16.379
LSO,Lesotho,2018,1170.6556970281936,-1.480633158482405,54.638,68.8,59.3586515505342,14.0853500366211,21.44727921709618,40874067.2749006,47.0,1.22069019410404,4.751803016247396,16.614
LSO,Lesotho,2019,1082.0570677751584,-1.4179938308520548,55.249,68.1,59.3586515505342,14.0853500366211,26.79450413126815,35732595.8160095,44.6,1.17469837087993,5.187083591979818,16.876
LSO,Lesotho,2020,918.5825747044472,-8.155957854599109,55.133,66.3,59.3586515505342,14.0853500366211,26.264670122177787,28001666.9222279,47.5,1.18432063043163,4.978096762523092,18.385
MAR,Morocco,2000,1499.107421875,2.582180914997465,66.794,52.4,39.6924896240234,17.4706401824951,23.806846304938368,426553283.860635,69.8,1.40392630100829,1.894634567634643,13.58
MAR,Morocco,2001,1506.24523925781,7.721825195777285,67.2,50.2,41.3156585693359,17.4706401824951,24.860371846559364,2824557251.52006,71.6,1.36697144784375,0.6198018752979751,12.46
MAR,Morocco,2002,1596.02062988281,3.730197374857454,67.582,48.0,43.0969085693359,17.4706401824951,24.41379929229438,480355698.049861,73.3,1.32213816814169,2.795619669369363,11.59
MAR,Morocco,2003,1941.87255859375,6.1711021495324445,67.958,45.8,44.651439666748,17.4706401824951,26.05060603908942,2312829823.25089,75.1,1.27031081599857,1.167733674775924,11.92
MAR,Morocco,2004,2183.55541992188,4.571380165162083,68.272,43.6,47.3964385986328,17.4706401824951,27.898405025342687,893325392.835824,78.2,1.28219021585352,1.493444033817744,10.83
MAR,Morocco,2005,2242.98828125,3.1922497301583093,68.748,41.4,49.1547889709473,17.4706401824951,27.41681426430057,1670609688.92877,78.6,1.34347301576107,0.9826416600159504,11.01
MAR,Morocco,2006,2438.12646484375,7.7908200104026974,69.157,39.2,52.2258186340332,17.4706401824951,27.952783100872463,2460787164.18439,96.5,1.35136550551358,3.284761669548109,9.67
MAR,Morocco,2007,2755.5859375,3.441067766904183,69.62,36.9,55.3458595275879,17.4706401824951,30.80388486486518,2825801376.44064,82.2,1.34058101398506,2.042085126733442,9.56
MAR,Morocco,2008,3183.20043945313,5.6845393628473175,70.051,34.8,57.666561126709,17.4706401824951,35.51279580300569,2466288357.37233,84.1,1.33869604527126,3.714843114940642,9.57
MAR,Morocco,2009,3119.58862304688,3.74576940136258,70.454,32.8,60.7418212890625,17.2952899932861,32.185274863395165,1970323920.01346,85.9,1.33260098178586,0.9718629986676364,8.96
MAR,Morocco,2010,3067.9853515625,3.499557094032156,70.821,30.9,63.0757983249551,18.445552830498034,31.49071663747739,1240625859.11403,95.7,1.35274286216317,0.9935574012263922,9.09
MAR,Morocco,2011,3301.98876953125,5.52464523319847,71.263,29.2,66.0255284774218,19.595815667709967,32.94624369226939,2521362080.65559,96.1,1.36305168989377,0.9069249096918,8.91
MAR,Morocco,2012,3164.17724609375,3.062343685029973,71.674,27.5,68.7358726261435,20.7460785049219,32.17935443021578,2841954371.38454,96.4,1.3359712863904,1.287122400792192,8.99
MAR,Morocco,2013,3379.7431640625,4.122212868609438,72.117,26.0,70.63184308995217,21.40501064452755,32.00462009237229,3360909924.3642,97.2,1.28781015302784,1.880654667240859,9.23
MAR,Morocco,2014,3435.40698242188,2.7192440802028983,72.522,24.5,72.52781355376082,22.0639427841332,30.774254234343264,3525384612.43801,97.3,1.22723874148544,0.4423100535570479,9.7
MAR,Morocco,2015,3146.24780273438,4.344582976352385,72.894,23.1,74.42378401756949,22.2395469824195,30.177188232467845,3252913902.35666,97.3,1.17075639938741,1.557907113462602,9.46
MAR,Morocco,2016,3140.85546875,0.5211855060896795,73.228,21.9,76.31975448137814,22.2573567488895,31.95799127986409,2153363904.93515,97.8,1.19450726277516,1.635311143270643,9.3
MAR,Morocco,2017,3296.52661132813,5.057898161734457,73.608,20.8,78.2157249451868,21.6499038578891,31.658071451264043,2680109856.21237,100.0,1.20034336418867,0.7546632493236185,9.22
MAR,Morocco,2018,3501.69799804688,3.0656413302595524,73.946,19.9,78.470919593794,22.4447613516615,32.1395672992051,3544387229.27821,98.1,1.1036421008163,1.803916711418959,9.272
MAR,Morocco,2019,3508.09765625,2.890974761370771,74.245,19.1,79.3440512967066,21.4650708273849,30.594933523466004,1720825003.13095,99.6,1.03022315933698,0.3033860365903833,9.191
MAR,Morocco,2020,3268.0302734375,-7.178207442467738,73.133,18.3,80.3087996541375,24.1580939880119,28.776973423330794,1418713118.61153,100.0,1.02565486360782,0.7059686613382608,11.189
MDG,Madagascar,2000,280.28290555964884,4.456858939569457,57.974,104.4,20.3285102844238,15.8905096054077,11.930546407193244,82952580.7054988,12.6,3.17297260783499,11.85968450002796,5.8
MDG,Madagascar,2001,319.28327823565746,5.980235769827331,58.674,99.8,20.3285102844238,17.6824703216553,14.509217337067126,93059223.9999997,14.8,3.0798984770565,7.916944845295859,5.35
MDG,Madagascar,2002,304.9417773984449,-12.407971105514918,59.17,95.6,20.3285102844238,17.9367599487305,10.97024314089454,14661798.0720596,14.0,2.9899935045994,16.49852553158463,5.515
MDG,Madagascar,2003,352.62009584992484,9.784892124741743,59.693,91.6,20.3285102844238,15.7631397247315,13.724565685691466,12874087.0,20.3,2.93067077025108,-1.704004796162977,5.01
MDG,Madagascar,2004,272.2007485885601,5.257003622087424,60.168,87.8,20.3285102844238,12.9607696533203,21.151025115403343,52910748.0,15.3,2.91610861061954,13.95580180332114,3.951
MDG,Madagascar,2005,305.812074924388,4.755845094991187,60.664,84.1,20.3285102844238,18.0330390930176,19.3271126967742,85428623.9021931,16.0,2.92926937068758,18.36382464689321,2.62
MDG,Madagascar,2006,324.1468748826037,5.398508448536802,61.14,80.8,22.8831806182861,15.3241901397705,20.311268004062075,294681941.542682,16.8,2.93769107946479,10.76563715548655,2.945
MDG,Madagascar,2007,419.548001431865,5.71056419885052,61.533,77.6,25.2112007141113,18.0445499420166,26.51793133960276,789389724.084497,17.5,2.93494950819065,10.28796631876714,3.202
MDG,Madagascar,2008,512.579800058444,6.712632539130013,61.992,74.8,27.4633598327637,16.2581405639648,38.74609621571393,1134497642.4209,18.3,2.93532927308935,9.29650839381057,3.431
MDG,Madagascar,2009,446.31523837059217,-3.9787086116543975,62.304,72.4,28.5682106018066,22.5858306884766,37.221895702094805,1293330142.26094,17.4,2.93604117284744,8.954218023929492,3.885
MDG,Madagascar,2010,450.0093916457256,0.6192397446221207,62.597,70.3,31.34400939941405,18.6357054482013,27.02738973185077,912287179.835568,12.3,2.90919662127516,9.247321736441162,4.28
MDG,Madagascar,2011,506.16369155930926,1.5784270536655498,62.86,68.6,34.1198081970215,19.7796993255615,23.351166728000923,815534454.532062,14.3,2.83965714379658,9.482540485829922,2.516
MDG,Madagascar,2012,493.5111629042107,3.011148116212084,63.007,67.3,35.3920151133501,20.3257999420166,20.1689187861962,814789934.7302,18.7,2.76626312576328,5.713844341910533,0.599
MDG,Madagascar,2013,515.3015893618319,2.3003762280072664,63.161,66.4,35.6034426731957,13.9893798828125,16.51291325097564,565848886.014276,12.9,2.71964840033078,5.826429444519803,0.995
MDG,Madagascar,2014,505.6849225034353,3.3392031119536654,63.261,65.7,35.8148702330413,18.9667701721191,16.49068964647254,372872463.262776,23.0,2.68077948175383,6.080408110883021,1.385
MDG,Madagascar,2015,445.3200694805676,3.132298074903048,63.362,65.3,36.1207695007324,16.9629096984863,15.99188792787614,328059305.569319,23.8,2.63948434650119,7.404191742021292,1.785
MDG,Madagascar,2016,453.97071452246337,3.993146061994992,63.431,64.9,36.0765113830566,19.8381805419922,16.36599338930674,540842779.829333,22.9,2.61335935661539,6.035758581546788,1.949
MDG,Madagascar,2017,491.8668487189288,3.9333075946279337,63.433,64.9,34.7709486382629,19.828100204467802,15.80637689793784,464856589.648808,24.1,2.60345495087599,8.609050754229495,2.123
MDG,Madagascar,2018,500.4571855291595,3.1943565174439783,63.491,64.9,34.6266095687665,19.8180198669434,20.702975241239734,612036371.422121,36.5,2.60334538024635,8.594229588704756,2.303
MDG,Madagascar,2019,499.8188376225341,4.411232129095893,63.504,65.0,32.8161749019587,17.9527918245618,22.684048128293835,474311425.432436,31.0,2.60136633480103,5.610514414923647,2.479
MDG,Madagascar,2020,450.7716152051568,-7.137671620644895,62.706,65.1,32.8161749019587,17.9527918245618,17.715325109779474,358467141.414301,32.0,2.56778870397591,4.201793121905574,3.292
MLI,Mali,2000,304.6528701893142,-0.7360199922242856,50.605,189.9,15.6529197692871,15.3238096237183,17.685022401569302,60331623.1100394,9.6,2.91308874187569,-0.6776616590467694,1.412
MLI,Mali,2001,346.2245542485874,15.80603174227096,51.3,183.9,17.02459971110027,14.4934997558594,21.226412061266117,208998473.655231,10.8,3.00701165563643,5.187011919440678,1.332
MLI,Mali,2002,378.1916786280683,3.0362754073888425,51.995,177.7,18.396279652913435,14.5252103805542,16.61023961512131,-12371106.2038469,13.0,3.10676861781848,5.032822757111935,1.36
MLI,Mali,2003,441.9103584751711,9.79712256086644,52.632,171.7,19.7679595947266,18.2837600708008,20.46095296538748,72517997.3250874,14.7,3.17894001404545,-1.346726190476212,1.272
MLI,Mali,2004,495.00629467566097,1.4773249029010174,53.253,165.8,21.5015201568604,17.736349105835,18.74599326409942,84992921.5331431,16.4,3.23794608826987,-2.907991251225815,1.413
MLI,Mali,2005,548.7303828488792,2.5383783488892107,53.792,160.1,23.2651901245117,16.2803001403809,16.462314211956,160281952.808321,18.2,3.27522299158149,6.397882938978825,1.367
MLI,Mali,2006,586.9854155125928,3.6896026525527783,54.305,154.6,25.1828804016113,16.864096959432,21.180801088619404,148327333.705249,16.6,3.2804387949943,1.543525969275824,1.395
MLI,Mali,2007,670.8533949780686,1.7600460785280203,54.756,149.2,27.6904392242432,17.4478937784831,18.81471037127199,206337322.649108,21.7,3.28796078422057,1.412002017145768,1.372
MLI,Mali,2008,767.1948389461443,3.638710709237188,55.187,144.0,31.0381298065186,18.0316905975342,21.55436958604777,267511185.910909,23.4,3.2862188900418,9.170988136676776,1.383
MLI,Mali,2009,787.4825642825899,5.454735626836694,55.588,138.9,34.0355415344238,16.9594097137451,22.26711729947761,649211715.168639,24.0,3.25780569403424,2.463751885722989,1.406
MLI,Mali,2010,797.1515411411893,5.576788597935149,55.993,133.8,36.7189206176726,16.5039100646973,23.01422309910553,371932364.723095,27.0,3.2485140091385,1.108926906701861,1.375
MLI,Mali,2011,938.2929025795984,2.93537897118415,56.367,128.8,38.7492137225876,18.2583408355713,24.14694150104211,556875894.544289,28.8,3.23250831038309,2.955643952293921,1.403
MLI,Mali,2012,872.5060924639458,-1.0723992414783652,56.696,123.9,39.01251293114875,22.4033794403076,20.693365061364773,397842480.253921,25.6,2.91998728475051,5.323128470640577,1.462
MLI,Mali,2013,901.920957649814,3.2906874205354484,57.052,119.1,39.2758121397099,16.6234493255615,24.139063730438075,307940910.774012,32.4,2.92078257453733,-0.606736356351563,1.517
MLI,Mali,2014,947.9150332932192,6.5026387838632616,57.482,114.4,41.2349114693214,18.2242603302002,26.62508185436337,144214831.237,34.2,3.16065691731413,0.8838145471378414,1.476
MLI,Mali,2015,838.1198694010295,6.2388789018106365,57.852,109.7,38.9892238642006,18.1554908752441,24.894955030191717,275525536.040376,37.6,3.1289280097663,1.450690576059608,1.404
MLI,Mali,2016,872.4685871716532,6.005063085594983,58.286,105.1,40.0999948578594,13.9038801193237,27.31616771150081,356476591.902582,38.8,3.16701291267986,-1.799647070833858,1.367
MLI,Mali,2017,924.0575316922836,5.375547696479387,58.562,100.6,38.5485805738327,16.534330368042,25.54498341340514,560747464.368764,34.8,3.18823649379751,1.75985742927165,1.498
MLI,Mali,2018,996.3792921369012,4.867849999352643,58.873,96.2,37.9832691019192,17.5215301513672,24.49439785343712,467295391.077839,50.9,3.1254232369578,0.299546507387843,1.62
MLI,Mali,2019,971.9493186380917,4.999999116997046,59.217,91.9,37.9832691019192,15.357029914856,26.507443315093827,859091549.188966,47.9,3.01814494306617,-1.658266948463649,3.29
MLI,Mali,2020,953.2429432909744,-1.1691083485760458,58.858,87.6,37.9832691019192,15.1426095962524,20.651736532133068,536851812.897275,50.6,3.01751361469378,0.4380889403206689,3.528
MOZ,Mozambique,2000,327.1262397915697,0.7662349557734416,49.476,164.6,5.94095993041992,18.0015392303467,41.13066992286338,139300000.0,6.1,2.20366517231952,6.427552780700866,2.832
MOZ,Mozambique,2001,304.7921386219133,12.85168202077358,50.259,155.7,6.66658020019531,18.0015392303467,33.50036556294055,255435490.0,5.7,2.22591756896921,6.427552780700866,2.838
MOZ,Mozambique,2002,313.88666172119804,9.668505346694277,50.879,147.5,8.2307596206665,18.0015392303467,40.59308745704621,347252830.0,8.4,2.24357740312433,6.427552780700866,2.902
MOZ,Mozambique,2003,339.4887378006477,7.217700865696557,51.383,139.8,9.3952798843384,18.0015392303467,33.4266191606781,336698400.0,8.1,2.26412694670583,6.427552780700866,2.857
MOZ,Mozambique,2004,400.0569731615448,8.204704947885773,51.855,132.5,10.5598001480103,18.0015392303467,28.597828672696156,475513570.0,10.7,2.28307737180822,6.427552780700866,2.953
MOZ,Mozambique,2005,436.77385616738417,6.312023780231925,52.322,125.7,12.95458984375,22.7181797027588,25.369857363399905,122413755.58,11.8,2.31300566720779,6.427552780700866,3.035
MOZ,Mozambique,2006,457.4876478331826,9.910677567829154,52.748,118.8,15.2163000106812,18.5500392913818,23.93494866972949,251141650.249999,13.0,2.3486041998682,13.24508790709988,3.037
MOZ,Mozambique,2007,507.8749239143042,7.649353937958665,53.255,110.7,17.9137401580811,18.95411539729205,22.350491509090343,416689348.42081,12.4,2.37944111058302,8.489486754974553,3.082
MOZ,Mozambique,2008,592.1591111841216,6.878029425609952,53.799,104.4,20.1720008850098,19.3581915032023,22.030245932275125,641399415.784251,13.6,2.46564120587285,14.50280530022677,3.112
MOZ,Mozambique,2009,547.6971441936511,5.928971874608152,54.4,98.3,22.9890193939209,19.762267609112552,19.75605240222683,930100407.78,15.0,2.59095643753164,3.788613309146254,3.207
MOZ,Mozambique,2010,496.18583939265926,6.679729356628641,55.04,95.6,25.1208838457009,20.1663437150228,23.195521262121986,1258453096.82495,18.9,2.67685903538336,12.42554217351563,3.259
MOZ,Mozambique,2011,618.1764928678903,7.134058423004447,55.733,91.1,26.0157578808472,19.0985737705136,29.406083952751395,3663937118.45157,20.2,2.78615253564474,11.1666056127874,3.295
MOZ,Mozambique,2012,685.6857481995128,7.994503161072203,56.46,86.5,25.6446165136399,19.767240524292,50.5904295928331,5635092658.61842,21.2,2.87101074780924,2.602454569566181,3.304
MOZ,Mozambique,2013,686.505672517351,6.571413896655372,57.189,82.9,34.4439086914062,19.0328807830811,56.39581089446592,6697422432.4601,22.4,2.89055494992619,4.261352509419634,3.345
MOZ,Mozambique,2014,697.1426804441226,7.7025684483930945,57.965,79.7,33.95458984375,17.4073095441863,53.64317475779945,4998799334.35621,24.8,2.89895498583923,2.55974875844295,3.377
MOZ,Mozambique,2015,610.5637747065892,7.393093698637699,58.711,75.8,34.5285606384277,19.8523388681499,42.24578750184504,3868353884.95,24.0,2.90106067133475,3.550759673567459,3.426
MOZ,Mozambique,2016,441.4897348190715,4.696990242257954,59.455,73.3,35.8848762512207,19.9363708496094,46.28039587020318,3128149928.7,26.2,2.93066434696089,17.41804181975971,3.65
MOZ,Mozambique,2017,470.9385630519602,2.6382073731065816,60.148,72.0,37.2411918640137,18.5936508178711,32.204306843065545,2319071971.47681,24.3,2.98845927899068,15.11320738993842,3.935
MOZ,Mozambique,2018,517.5072602581007,3.484932024227817,60.79,70.2,37.2411918640137,16.4055500030518,45.98076581821212,1678061191.83106,31.1,2.98089902972538,3.911334399907289,4.21
MOZ,Mozambique,2019,519.0925509136196,2.3178139482147486,61.306,68.6,37.2411918640137,19.033681769627,40.84611993135935,3379329136.13929,29.7,2.9397415898529,2.802703079281112,4.462
MOZ,Mozambique,2020,462.4338764799215,-1.2195225001119212,61.39,67.6,37.2411918640137,17.9349282180825,44.82667646796857,3187942207.14961,30.6,2.96490034295304,3.483935674932038,5.019
MRT,Mauritania,2000,680.9110618797781,-3.918025879232928,61.044,98.0,18.0476703643799,0.0,11.295800887259302,40096000.0,19.1,2.78353822069134,3.254067458333583,10.03
MRT,Mauritania,2001,651.8178401997768,-0.7994938157893472,61.662,93.4,20.5369300842285,0.0,12.508546924234432,76700000.0,22.2,2.46862570579989,4.714896346896095,10.132
MRT,Mauritania,2002,648.8796439348624,1.3814839619905823,62.249,88.2,20.5889301300049,0.0,9.543799921774069,67340350.0,21.7,2.2112923085405,3.895705257584902,10.201
MRT,Mauritania,2003,732.0178208126755,6.928269551063025,62.805,82.8,21.539270401001,0.0,21.47532955880212,101957950.0,23.0,2.28829406566231,5.151901507695781,9.911
MRT,Mauritania,2004,823.554457141893,4.7327579245203,63.369,77.5,22.1136894226074,8.17580986022949,35.25382322879921,404102030.0,24.3,2.34965515386841,10.36762334730735,9.77
MRT,Mauritania,2005,998.96583416747,8.566287249066676,63.92,72.5,22.4629497528076,9.242944717407244,48.90533999533572,811869180.0,18.2,2.42430459268211,12.12564871855412,9.59
MRT,Mauritania,2006,1300.6036798865928,18.33319875977135,64.493,68.1,23.1758899688721,10.310079574585,26.000656883560275,154601640.0,27.0,2.50658248493226,6.241033281428202,9.313
MRT,Mauritania,2007,1405.1501620336849,-1.9694227516076095,64.885,64.3,20.878105163574247,10.984613609314,28.1438610238182,139372820.0,33.0,2.60052819123955,7.254108413048872,9.482
MRT,Mauritania,2008,1635.5630623124007,-0.3310791952783773,65.233,61.3,18.5803203582764,11.659147644043,33.019927628435155,342770660.0,30.0,2.87480873438379,7.346635412497862,9.715
MRT,Mauritania,2009,1435.430108118934,0.0978758719728034,65.485,58.8,20.0069904327393,12.333681678771999,26.433017184913755,-3072040.0,31.1,3.12899450909418,2.220920323817791,10.214
MRT,Mauritania,2010,1659.9636970545478,2.620229520553778,65.661,56.8,20.4244003295898,13.008215713501,32.2510831347375,130528390.0,34.2,3.19159403639576,6.283540874277036,10.093
MRT,Mauritania,2011,1931.199755254651,4.172783283044183,65.754,55.1,22.7523097991943,13.68274974823,38.65356585888182,588749560.0,35.3,3.24512473547367,5.686319595759542,9.976
MRT,Mauritania,2012,1859.1173324764088,4.470013182336928,65.808,53.5,27.0638964405956,10.0176601409912,49.16682251883862,1386098850.60853,36.4,3.26413503920642,4.902427272179972,9.864
MRT,Mauritania,2013,1936.2695044610089,4.150813186271705,65.89,52.1,30.2620419125702,11.4054298400879,47.55744244888774,1126004759.60199,37.6,3.135806545909,4.129101737833927,9.926
MRT,Mauritania,2014,1718.9708937470857,4.274823271302836,66.207,50.6,30.6988232872483,11.9051281040546,41.79671958976333,502589833.818159,38.8,3.01218949095495,3.534368561473237,10.026
MRT,Mauritania,2015,1558.842054734161,5.376339236949363,66.498,49.1,31.196307538775,12.8434937947395,38.46147699087906,501726765.733819,39.5,3.00605924056849,3.25472688117631,10.104
MRT,Mauritania,2016,1568.00551190332,1.2609092244830291,66.823,47.7,32.187587041888,9.33061027526855,31.277641866084306,271134844.997291,41.2,2.99795842489143,1.471710456500036,10.287
MRT,Mauritania,2017,1617.934015422666,6.270545693865742,67.088,46.2,31.7565696757394,9.6297467549642,37.88249223830549,588217194.758538,42.9,2.98778789331469,2.254276519348126,10.336
MRT,Mauritania,2018,1723.378094426555,4.772173638901549,67.419,44.7,35.5293425627344,9.92888323465985,46.4331362118471,772890480.0,43.6,2.97356403059489,3.067359960583556,10.411
MRT,Mauritania,2019,1767.0727106209977,3.141004892646393,67.64,43.4,37.5793709898761,10.2280197143555,40.0113579283691,-883561115.825519,44.9,2.95347297852629,2.300092621179372,10.416
MRT,Mauritania,2020,1795.7243732442291,-0.3606573865228597,66.794,42.0,36.0277030077074,9.72708988189697,38.65932316766517,927916265.774285,45.4,2.92092559048913,2.385694884563199,11.051
MUS,Mauritius,2000,3981.983432495823,8.202791748652729,71.66341463414635,18.8,74.3924789428711,12.9703397750854,25.636622893728354,265641239.441184,99.0,0.982676166064297,4.199288256228066,9.125
MUS,Mauritius,2001,3908.556949274354,3.3475407273142963,71.7658536585366,17.5,80.2969284057617,13.239239692688,20.45539756562821,-27675565.7136838,99.2,0.790047581068153,5.389344262295082,9.14
MUS,Mauritius,2002,4073.060530559032,1.6149186586243758,71.96585365853659,16.6,82.4172286987305,12.9151401519775,21.758951256851716,32073116.0847954,99.4,0.694240135210974,6.419333722211492,8.205
MUS,Mauritius,2003,4858.265755497474,5.925445489477397,72.1170731707317,16.0,85.5775909423828,17.9227199554443,23.364660496217944,62630665.276514,99.1,0.723661765578573,3.921053575581875,8.318
MUS,Mauritius,2004,5460.608001841983,4.330019854643226,72.2658536585366,15.7,86.3435287475586,17.3871002197266,24.068805641852247,13894736.4049871,99.0,0.627103982385528,4.710370601058835,8.337
MUS,Mauritius,2005,5354.029742606423,1.7775430203446518,72.43219512195122,15.6,88.6331024169922,17.0881309509277,22.36689173241857,41776995.7786911,99.0,0.592099659929956,4.937170049817947,9.524
MUS,Mauritius,2006,5784.224918830265,4.865544607755339,72.43219512195122,15.4,86.6944198608398,15.1761703491211,25.183034866098453,106758059.108919,99.0,0.466403525955087,8.91350105650142,9.04
MUS,Mauritius,2007,6677.375386163975,5.763802194530683,72.57073170731708,15.2,86.7215270996094,14.1832799911499,25.585459764350038,340763853.718088,99.0,0.455526400702738,8.827292723932938,8.475
MUS,Mauritius,2008,8140.479836392435,5.463056504228405,72.57073170731708,15.0,86.2219161987305,14.0394401550293,25.00216891134531,377724738.06254,99.0,0.361630847401639,9.732283171468866,7.17
MUS,Mauritius,2009,7426.861373139386,3.36352090607312,72.88243902439025,14.9,86.6567001342773,13.2472295761108,23.41780060859668,256680711.820915,99.0,0.265537672832765,2.516091281451126,7.257
MUS,Mauritius,2010,8113.176707402124,4.39672657214976,72.96731707317073,14.8,86.9073104858398,14.5731496810913,26.7282315985642,429941790.0,99.4,0.237886692890185,2.932363013698569,7.654
MUS,Mauritius,2011,9324.24232310496,4.1455526256101365,73.2668292682927,14.9,88.7222900390625,13.846170425415,23.62001073921604,433331010.0,99.6,0.160140420765724,6.522492548693411,7.447
MUS,Mauritius,2012,9421.525140982249,3.510620901672638,73.86341463414635,15.0,92.1094389658945,14.9606199264526,24.04341308523713,589018300.0,99.4,0.277321025514609,3.852160333159827,7.472
MUS,Mauritius,2013,9877.138659588343,3.3975508522064928,74.01707317073172,14.9,93.7982864379883,14.7890100479126,21.282274943092368,293369160.0,99.4,0.242165626741126,3.543295739348387,7.322
MUS,Mauritius,2014,10490.331556385292,3.857739052806892,74.19439024390245,14.7,97.075353264043,20.905179977417,18.843409299030704,455562150.0,99.5,0.181022097854624,3.217691919946845,7.467
MUS,Mauritius,2015,9630.543783750698,3.71766362108832,74.35317073170732,14.5,93.9681984718368,19.4570903778076,17.26962921614478,216455190.0,99.6,0.132404330287967,1.286549707602317,7.41
MUS,Mauritius,2016,10095.122557415598,3.885761210760336,74.3948780487805,14.6,94.4362545563892,19.9624996185303,17.051509377370806,378764430.0,99.7,0.0687082325715694,0.977675134718965,6.814
MUS,Mauritius,2017,10986.70340930054,3.954417309602647,74.51463414634146,15.0,92.5403344955972,20.3572006225586,17.434983492839944,479995890.0,99.6,0.0901672663767558,3.666997026759247,6.752
MUS,Mauritius,2018,11818.748061927196,4.116693694564916,74.41634146341464,15.4,91.4171358592572,19.2743301391602,18.592917302861647,460511370.0,99.8,0.0545354541381391,3.216053831445703,6.426
MUS,Mauritius,2019,11568.253339982366,2.863949386847338,74.23585365853658,15.7,93.1354968676317,18.6769294738769,19.15872019833769,444077760.0,100.0,0.0322330642925213,0.4056551903095534,6.331
MUS,Mauritius,2020,9135.84773751062,-14.197435813779151,74.1770731707317,15.8,89.5019998431496,15.6466999053955,17.96607711424748,224668080.0,99.5,0.0022906802096937,2.580800771828295,8.626
MWI,Malawi,2000,224.2241591842804,1.5760776261689529,46.17,171.0,31.0989303588867,0.0,20.287314946720283,25999996.3612225,4.8,2.39808527580859,29.58148846316839,5.045
MWI,Malawi,2001,215.4745248983569,-4.974963618924761,47.205,239.0,32.2248115539551,0.0,20.287314946720283,19299991.0892369,5.2,2.41939427546647,22.7,5.221
MWI,Malawi,2002,428.2104398383979,1.7000000307831726,48.176,143.2,31.3253707885742,8.2488851547241,20.287314946720283,5899999.35886241,5.6,2.44868795908692,14.74463461016033,5.248
MWI,Malawi,2003,383.3485968526416,5.7056394046741445,49.601,130.0,30.1199550628662,16.4977703094482,20.287314946720283,65885630.0222282,6.2,2.50311318898405,9.576797869192143,5.165
MWI,Malawi,2004,404.6742484454283,5.420497549938276,51.073,118.7,28.9145393371582,15.920943123953643,20.287314946720283,107811374.012919,6.9,2.58631203946607,11.42980608221236,4.964
MWI,Malawi,2005,414.36112198447466,3.2687260231706574,52.469,109.7,28.7130393981934,15.344115938459085,20.287314946720283,139696402.63469,6.6,2.67801100189358,15.41034466042956,4.935
MWI,Malawi,2006,440.82214902387295,4.699999764046908,53.652,102.7,30.5642108917236,14.767288752964529,20.287314946720283,35561803.9812517,3.7,2.75507030698051,13.97429435483877,4.954
MWI,Malawi,2007,475.1802616593313,9.599999876834689,54.687,96.9,30.2626094818115,14.19046156746997,20.287314946720283,124388649.054177,7.4,2.82103771276785,7.952209908640304,4.876
MWI,Malawi,2008,554.0488203961194,7.639736399445908,55.715,91.0,32.6917381286621,13.613634381975414,20.287314946720283,195425887.191773,7.8,2.90426164632368,8.712601866090434,4.796
MWI,Malawi,2009,625.8697298696254,8.328109852403799,56.714,85.3,33.3515281677246,13.036807196480858,20.287314946720283,49130371.2258416,8.3,2.95642545456471,8.422044276966554,4.732
MWI,Malawi,2010,683.1246947167995,6.874065854161415,57.787,80.1,33.6619814891638,12.4599800109863,20.287314946720283,97010558.6926789,8.7,2.94779608735928,7.41159092883827,4.78
MWI,Malawi,2011,763.0610003945718,4.9326699981372855,58.859,74.0,34.7371599213107,15.0456495285034,20.287314946720283,812751769.848632,7.6,2.91504427220952,7.6228226284852,4.829
MWI,Malawi,2012,558.46208832772,1.9000000007290936,59.87,67.9,34.8210140987042,13.6409635773445,20.287314946720283,-8885976.21902262,7.4,2.87064589887138,21.27126500137791,4.949
MWI,Malawi,2013,496.94736826731287,5.410349998171668,60.816,62.9,37.847295845447,20.4968299865723,20.287314946720283,451362406.595843,9.0,2.83808966369485,27.28333333333336,4.978
MWI,Malawi,2014,529.5133440205997,5.625270001051391,61.651,60.0,39.5435659506335,16.5964698791504,20.287314946720283,598086538.121967,11.9,2.80479012384928,23.79206494696866,4.967
MWI,Malawi,2015,539.605363240686,2.800000000033549,62.324,57.4,39.7291461793841,21.7978992462158,20.287314946720283,287746689.246669,10.8,2.75359183453625,21.86734755425529,4.953
MWI,Malawi,2016,450.5061055107186,2.499999999143114,63.163,55.8,38.1843681335449,17.1988105773926,20.287314946720283,115700000.0,11.0,2.72595787740448,21.71111321364988,5.011
MWI,Malawi,2017,495.76968336716527,4.000000000891717,63.914,53.8,39.6154222954854,14.3444204330444,20.287314946720283,90200000.0,12.7,2.70808949087835,11.54339391887714,5.046
MWI,Malawi,2018,533.2025671893307,4.353564716192111,64.464,52.0,38.8324397802949,15.8293504714966,21.27606119056197,77012306.002161,18.0,2.67117568591664,12.42017810892101,5.021
MWI,Malawi,2019,580.8891397624755,5.716825191943372,64.995,51.3,35.5212672502146,17.993399438547748,21.91191030026448,55227831.6285934,11.2,2.65059567621331,9.370836056056698,4.964
MWI,Malawi,2020,602.5074781761056,0.7935964297872857,65.216,50.4,41.4565075090498,20.1574484055989,16.710635139641656,252179040.150445,11.5,2.63573735113183,8.625514696505519,5.72
NAM,Namibia,2000,2156.675905127136,3.492183363651776,52.946,78.2,63.7193412780762,21.9250602722168,17.041465969803557,196350763.262586,36.5,2.35219877188535,7.136153114586299,20.3
NAM,Namibia,2001,1915.589265948749,1.1779486946791735,51.98,77.6,67.4832611083984,22.7757091522217,22.252542451600863,379336366.387132,36.0,2.08953121470852,7.136153114586299,21.009
NAM,Namibia,2002,1772.0756553749345,4.788661218821105,51.988,76.6,66.1111907958984,21.8368606567383,18.588448677250145,147535758.471972,36.9,1.75728257510242,7.136153114586299,21.538
NAM,Namibia,2003,2569.2473931788263,4.239794295821369,51.918,75.6,65.2594223022461,20.3282108306885,19.388282439972397,65110887.1077804,37.8,1.44425237074387,7.136153114586299,22.104
NAM,Namibia,2004,3403.1549619295456,12.269548103676884,52.175,74.4,64.5331420898438,20.7531369527181,19.06046145724532,223561311.215727,38.7,1.27571138513782,4.136632131447484,22.09
NAM,Namibia,2005,3685.772999915872,2.52926265819022,52.557,71.0,63.1600494384766,21.1780630747477,19.66981339352798,389850790.391063,39.6,1.25364169808749,2.281946070243065,22.108
NAM,Namibia,2006,4017.1834716928015,7.073175318458254,53.183,66.0,62.1227416992188,21.6029891967773,22.21202147065659,610197796.107758,40.5,1.27859222127371,4.961166892989158,21.848
NAM,Namibia,2007,4379.043136827322,5.374044151676344,54.026,62.0,62.7577209472656,23.2322998046875,24.06133371289921,669182903.357665,43.7,1.3321269140493,6.547881411017173,22.12
NAM,Namibia,2008,4204.785554227491,2.6498120378026755,54.74,57.5,64.53842735861537,24.8616104125977,27.47392346362272,750426324.20291,42.4,1.39984615902945,9.094643071928097,22.005
NAM,Namibia,2009,4302.913741483761,0.2959709140010886,55.347,53.2,66.31913376996513,25.49256038665775,26.115925166495447,829054473.358438,44.1,1.47115601688196,9.451726515217048,22.271
NAM,Namibia,2010,5418.216333658139,6.039249479558578,56.093,50.3,68.0998401813149,26.1235103607178,23.779998959342628,287528974.44129,44.4,1.54841464345813,4.874919876439499,22.12
NAM,Namibia,2011,5834.791767579403,5.09133813864338,56.647,50.0,72.4541177178611,24.3988119792883,22.054008868897142,803600584.603823,42.3,1.71587072736176,5.005595180812,19.481
NAM,Namibia,2012,5942.646809786729,5.0616820696264,57.733,52.6,74.2465574610051,22.9973701430944,26.7226689596707,1041555413.14222,46.4,2.22673258326321,6.72199777334886,16.771
NAM,Namibia,2013,5346.621311499674,5.614719622544854,58.468,50.8,76.142480002464,24.0999899467437,29.39541975765712,777073646.376716,47.4,2.60198589808047,5.600925022904008,19.028
NAM,Namibia,2014,5378.323262412051,6.092519159779556,59.311,50.0,76.7595646559311,23.9580697431415,34.7765509650404,445582247.859425,48.4,2.61288080068243,5.350169668596022,18.521
NAM,Namibia,2015,4774.106508657753,4.264174537636748,60.008,51.8,78.2608012276393,22.5713324213245,30.55643968919433,838879062.715929,51.6,2.65295870908636,3.394015384105586,20.791
NAM,Namibia,2016,4395.687761623764,0.0337944502063294,60.81,51.4,79.2606097203135,23.939195265305,22.02994282549037,358727049.605924,49.7,2.69727890929136,6.728582345933377,23.352
NAM,Namibia,2017,5143.960723230756,-1.0272480885670916,61.661,49.8,79.5334606379175,24.6740260211548,17.766495616032337,280476974.998847,52.5,2.73527353433315,6.145799811111642,21.748
NAM,Namibia,2018,5308.608134087051,1.0599394986075197,62.579,48.5,78.8626899009705,23.3243031824199,14.91634710037346,234372724.533504,52.3,2.77246337174234,4.291591053378753,19.877
NAM,Namibia,2019,4731.921031883102,-0.8391521634193566,63.546,46.6,79.0125016773938,29.0561956742295,15.329112710281336,-176478261.583526,53.3,2.79932223646079,3.722394144226946,19.929
NAM,Namibia,2020,3878.589829939662,-8.10140201443319,64.071,44.8,82.8872992484077,24.9413806405673,13.929203423547648,-150172760.720263,52.3,2.91019887709682,2.209382369334692,21.003
NER,Niger,2000,194.77195989893465,-1.2084777410057512,49.172,227.9,6.30063009262085,19.0575294494629,13.142209644930537,15767212.3689839,6.5,3.46716382832898,2.900149735991085,1.427
NER,Niger,2001,205.4179361209311,7.268134902132346,49.872,217.4,6.231369972229,16.6503105163574,13.792428247946814,22587455.083808,8.4,3.50878624306039,4.005514283526785,1.47
NER,Niger,2002,225.2943911474382,4.918470575946216,50.645,205.9,6.28120994567871,16.6668491363525,14.62602191970753,7827441.93508379,8.8,3.53148102432579,2.628865979381362,1.808
NER,Niger,2003,265.2253634524692,2.1706103837418027,51.545,194.1,6.86678981781006,13.8454999923706,13.930300225432005,18529138.97363,9.3,3.5622769230714,-1.614407691755963,2.145
NER,Niger,2004,283.4682817982956,0.363801578722132,52.402,182.4,8.35079956054688,14.8582566579183,12.497152506902331,24411286.9008512,9.7,3.59824904350361,0.2625437572928378,2.751
NER,Niger,2005,318.64312191827327,7.331868842585166,53.32,171.4,9.26323986053467,15.871013323466,19.33543003452841,49753596.8290224,7.1,3.62970414217364,7.797497817864402,3.1
NER,Niger,2006,333.3450784194467,5.93104997350342,54.223,161.6,10.6787004470825,16.8837699890137,19.808487901659863,40310044.1411645,9.3,3.65709371425878,0.0404858299595073,2.528
NER,Niger,2007,387.1680658833007,3.142724083867307,55.063,153.1,10.3014001846313,17.3759708404541,18.91377332334044,99073671.9321662,11.2,3.68110827846052,0.0539592607581561,2.021
NER,Niger,2008,475.0449553981623,7.731414227773371,55.852,146.0,10.6592998504639,16.1773300170898,26.443552534311603,283076206.886465,11.8,3.70203244818704,11.30510988270191,1.584
NER,Niger,2009,461.1315339614871,1.9626009069464487,56.487,140.3,11.1999397277832,18.9125099182129,28.472271964933498,633819197.134754,12.3,3.71708044318123,0.582906590801122,1.208
NER,Niger,2010,474.4256923408307,8.578166742622528,57.08,136.0,12.8063202484136,19.0896492004394,32.64046051651018,796636157.883319,13.6,3.72535077368531,0.8040730808826587,0.718
NER,Niger,2011,510.7595617626796,2.35775693603874,57.6,132.7,13.6643213754076,20.1165199279785,31.613128828241997,1067186136.05028,14.3,3.72138303234104,2.9423851401332,0.316
NER,Niger,2012,528.5101044696552,10.54894457634461,57.987,130.3,14.8037867184503,19.1920204162598,29.314243691525192,841227436.917787,14.4,3.77324639644684,0.4550898203592894,2.177
NER,Niger,2013,552.1033343631171,5.315130633947263,58.364,128.3,15.9596510320284,18.0767002105713,29.712481469079755,719338470.495153,15.2,3.75837207594511,2.297231149553169,1.401
NER,Niger,2014,565.3098973117496,6.642136654956033,58.693,126.8,17.8459505465436,21.6615009307861,31.110081992550608,822967023.299915,15.7,3.6892808045974,-0.9302872599844664,0.524
NER,Niger,2015,485.6625741752788,4.392648832072908,58.85,125.4,19.6922012498743,18.5121898651123,32.35682286921576,529476871.090611,16.6,3.69640590007582,-0.5760903698331888,0.556
NER,Niger,2016,499.910520068193,4.281375584781429,59.228,124.3,22.6700395113082,15.3471603393555,29.761315560530196,301332480.592526,17.0,3.67426137513091,1.653889223878056,0.55
NER,Niger,2017,529.9294189348683,5.531985312714511,59.524,123.1,23.7611505662509,13.2151603698731,29.32389736389555,338710710.13916,17.6,3.56007044831691,2.796373188712845,0.556
NER,Niger,2018,576.9275364154623,6.894584208645128,59.765,121.9,23.7611505662509,16.3399696350098,32.85544369308456,466042272.996922,17.6,3.45088050525461,2.967603660044556,0.536
NER,Niger,2019,541.2658198702726,6.078815289591859,60.031,120.8,23.7611505662509,13.0128054328601,34.48468993816823,717147639.398696,18.5,3.36654855482346,-2.489792650708549,0.531
NER,Niger,2020,575.4513403069149,4.454818038464126,59.89,119.5,23.7611505662509,13.3325398458385,32.54906668190808,360653574.571152,18.7,3.29977391625444,2.898193760262702,0.591
NGA,Nigeria,2000,547.3182989033786,5.015934759365464,47.143,177.3,23.9613494873047,8.54788143094428,21.525210677873595,1140167556.01589,43.2,2.67439784501828,6.933292155651596,3.953
NGA,Nigeria,2001,566.4282318129331,5.917684649244251,47.549,170.5,26.3999805450439,8.54788143094428,21.525210677873595,1190618643.59161,43.9,2.7163954653619,18.87364620938625,3.9
NGA,Nigeria,2002,712.1648520776855,15.329155740961768,48.02,163.9,28.8738098144531,8.54788143094428,21.525210677873595,1874070753.14013,44.6,2.74147056608815,12.87657920310986,3.669
NGA,Nigeria,2003,763.3887453672226,7.347194967932992,48.618,157.4,31.4109649658203,8.54788143094428,21.525210677873595,2005353563.06397,52.2,2.75673506428828,14.03178361314368,3.637
NGA,Nigeria,2004,962.48104194733,9.250558229231686,49.148,151.4,33.9481201171875,8.54788143094428,21.525210677873595,1874060886.97608,46.1,2.77053967849452,14.99803381832511,3.59
NGA,Nigeria,2005,1211.3770350438622,6.438516525359248,49.538,145.8,33.7729187011719,8.54788143094428,21.525210677873595,4982533930.21737,46.8,2.76883385211034,17.86349336616049,3.727
NGA,Nigeria,2006,1599.5389155636483,6.059428032024911,49.876,140.9,33.1262817382812,8.54788143094428,21.525210677873595,4854353979.09082,47.6,2.76124698861505,8.227436781209072,3.749
NGA,Nigeria,2007,1815.5269754582685,6.591130360668672,50.381,136.5,30.4232006072998,8.54788143094428,21.525210677873595,6036021404.82068,50.1,2.77180099910734,5.38610421570143,3.794
NGA,Nigeria,2008,2154.1054354536427,6.764472777842627,50.748,132.5,33.6112785339355,8.54788143094428,21.525210677873595,8108179999.999999,50.3,2.78453384410814,11.58305479668096,3.792
NGA,Nigeria,2009,1820.4863385478188,8.03692510100366,51.08,129.2,37.1381416320801,8.54788143094428,21.525210677873595,8108179999.999999,50.0,2.78730820935027,12.5379242951095,3.763
NGA,Nigeria,2010,2202.25672957344,8.00565591623166,51.315,126.3,41.7837982177734,8.54788143094428,21.525210677873595,6026253091.34715,48.0,2.795149361277,13.74005213636941,3.744
NGA,Nigeria,2011,2418.4131697587463,5.307924202939148,51.49,123.8,43.0239906311035,8.54788143094428,21.525210677873595,8108179999.999999,55.9,2.80278519998649,10.8261371880018,3.77
NGA,Nigeria,2012,2633.197346713614,4.230061174924927,51.688,121.6,44.4557914733887,8.54788143094428,21.525210677873595,7069908427.9365,53.0,2.77422930277333,12.2242413020582,3.761
NGA,Nigeria,2013,2872.790833793982,6.671335393082316,51.827,119.9,52.7967300415039,8.67739295298641,21.525210677873595,5562857987.46966,55.6,2.71468991073627,8.495518382656781,3.711
NGA,Nigeria,2014,3088.7213131616927,6.3097186552185605,51.94,118.7,42.7821502685547,9.03718763815735,21.525210677873595,4693828631.89583,54.2,2.64221399374699,8.047410879679072,3.9
NGA,Nigeria,2015,2585.733606717974,2.652693295417791,51.939,117.8,43.8246917724609,9.25551076252104,21.525210677873595,3064168904.45333,52.5,2.53617348598208,9.009434980077064,4.134
NGA,Nigeria,2016,2070.412733959496,-1.616868949034668,52.189,117.4,39.3068084716797,6.65219728520483,21.525210677873595,3453258407.9848,59.3,2.47183239057048,15.69681263879722,4.499
NGA,Nigeria,2017,1876.3402711177296,0.8058866190915808,52.397,117.2,39.897668838501005,6.12010547762816,21.525210677873595,2412974916.23263,54.4,2.43170936923065,16.50226621396411,4.83
NGA,Nigeria,2018,2057.8794455401057,1.922757341997979,52.669,117.2,40.4885292053223,5.94455212092506,21.525210677873595,775247400.003029,56.5,2.31217263003389,12.09510651734316,5.069
NGA,Nigeria,2019,3189.812864961828,2.2084292783521136,53.009,117.4,42.3053092956543,5.85497185166093,21.525210677873595,2305099811.70357,55.4,2.1944019229433,11.39642233781149,5.206
NGA,Nigeria,2020,2797.1845806789997,-6.368898404685268,53.072,117.4,44.1220893859863,5.13143662120452,21.525210677873595,2385277665.91607,55.4,2.13029714344341,13.24602342765982,5.714
RWA,Rwanda,2000,251.8692638609096,8.370895935730388,47.798,184.2,10.2389402389526,18.8353290557861,33.72432615796197,8100000.0,6.2,0.806991709703052,3.899529802847124,11.699
RWA,Rwanda,2001,237.30884620090103,8.484560340866992,49.49,166.5,11.1507501602173,25.3131408691406,35.45169181945548,18500000.0,4.7,0.886774966312804,3.342855067494094,11.732
RWA,Rwanda,2002,234.0430167557329,13.192073628843332,51.262,149.1,12.1046600341797,24.058709144592267,34.49478861303296,1500000.0,6.0,1.35537693210796,1.992585424539932,11.432
RWA,Rwanda,2003,249.01227498225197,2.2023875095977985,53.529,132.7,13.584939956665,22.804277420043935,35.407627263227965,4700000.0,7.4,2.19817405049677,7.449700140073658,11.658
RWA,Rwanda,2004,269.54044633340214,7.447667370370354,55.52,117.5,15.3283996582031,21.5498456954956,41.157131820558575,7700000.0,8.7,2.6429108159401,12.25071028943913,11.699
RWA,Rwanda,2005,324.0168638471888,9.377899165853748,56.968,104.5,16.4831008911133,20.295413970947266,42.52819503339565,7960000.0,4.8,2.66009812240039,9.014089180923394,11.842
RWA,Rwanda,2006,352.0939165783473,9.227075769946325,58.342,93.4,18.1992893218994,19.040982246398933,15.223529173051952,30643970.0,11.4,2.66683575241351,8.882826547779235,11.586
RWA,Rwanda,2007,420.73358070250754,7.6332981904288175,59.504,84.1,20.3850002288818,17.7865505218506,16.97265306042971,82283170.0,12.8,2.66008171576066,9.08072205873158,11.58
RWA,Rwanda,2008,522.2883394206794,11.161247324054033,60.641,76.0,22.1014308929443,15.5915098190308,21.60541646785215,102290000.0,6.0,2.62837643087324,15.43821387092554,11.517
RWA,Rwanda,2009,556.9739962173903,6.248257507042652,61.813,69.1,26.5538196563721,16.5697846412659,21.2919177169638,118670000.0,15.6,2.57922030255665,12.94439784017115,11.625
RWA,Rwanda,2010,586.5999503598769,7.33465645016436,62.804,63.3,32.4029083251953,17.548059463501,20.7975067696821,216192556.81734,9.7,2.52365134392041,-0.2461286934369337,11.637
RWA,Rwanda,2011,643.3561386181656,7.958388699090847,63.476,58.1,36.6210098266602,15.3433799743652,21.13284467394104,112127535.812557,10.8,2.45262873450153,3.0801706924026,11.756
RWA,Rwanda,2012,697.7601435095646,8.641508157081375,64.189,54.2,39.662769317627,15.8154697418213,23.61037190687494,269615550.35029,17.5,2.39380128171382,10.27101823188757,11.671
RWA,Rwanda,2013,695.3971409636074,4.719848569509239,64.651,51.4,30.2092864949597,16.8596305847168,24.73774298959704,233763793.607834,15.2,2.40340085493768,5.924268679848535,11.768
RWA,Rwanda,2014,715.3680878339302,5.6684535423357545,65.088,49.2,41.8218654918977,13.7343196868897,23.539129010207656,313997162.787606,19.8,2.41721473954366,2.354490528203584,11.837
RWA,Rwanda,2015,725.6914186969522,8.870367528727428,65.419,47.3,39.4099042857311,12.5390501022339,24.5202040834518,162083820.997161,22.8,2.39322566941773,2.528502841924209,11.831
RWA,Rwanda,2016,721.2585158330943,5.658745842027784,65.733,45.8,38.506238583342,12.2783899307251,26.19737549840793,279747327.598381,29.4,2.36997866838859,7.174343019820087,11.788
RWA,Rwanda,2017,751.0490395275472,4.703934397510608,66.14,44.7,39.6912128982215,11.0796098709106,24.092429182317304,274025990.659944,34.1,2.34556709244995,8.27953672260832,11.875
RWA,Rwanda,2018,772.7549829593539,8.070842546216412,66.354,43.7,41.1796940634956,10.8046102523804,17.907365878003965,366192315.50624,38.0,2.31630729613291,-0.3112101603906995,10.759
RWA,Rwanda,2019,823.3553040653044,9.286133874545428,66.691,42.7,44.0779032495009,10.9981460523976,21.663350800402984,263172335.23,46.6,2.28086099658628,3.347876550376479,11.236
RWA,Rwanda,2020,802.6386869362043,-2.7771048551512507,66.953,41.6,44.0779032495009,10.7835245127746,18.185991482508022,152614120.95,45.2,2.24244883430144,9.850399022742067,11.829
SDN,Sudan,2000,362.116882324219,6.34586743997545,58.946,102.0,32.2981796264648,9.11688995361328,24.888030863039205,392200000.0,23.0,2.49754561643296,7.121258971722906,15.595
SDN,Sudan,2001,451.293304443359,6.500360533968831,59.264,98.6,32.2981796264648,10.08089017868044,20.531007764712164,574000000.0,29.4,2.48541577821616,1.935295720953327,15.56
SDN,Sudan,2002,506.262634277344,6.0064715363132,59.308,95.2,32.1063385009766,11.0448904037476,21.566351791082823,713180000.0,29.7,2.46596917532427,22.22472414959051,15.514
SDN,Sudan,2003,580.320251464844,6.288808161465155,58.319,91.9,33.3529090881348,9.49706530570986,22.074814442888,1349190000.0,29.9,2.25738358789851,6.489432086733376,15.515
SDN,Sudan,2004,705.113342285156,5.140888517626749,56.773,101.1,36.5913009643555,7.94924020767212,23.61173192303968,1511070000.0,30.2,2.18560495236388,9.657546286059446,15.538
SDN,Sudan,2005,905.543640136719,5.643515513436313,57.226,98.8,36.3686599731445,5.96680021286011,21.206776304612333,1561689996.89435,30.5,2.28355924873297,8.50585075933117,15.545
SDN,Sudan,2006,1132.474609375,6.531411746779199,60.4,83.0,34.6569290161133,8.25316047668457,22.88917699377441,1841833814.08367,30.8,2.30819636827177,7.19912990114709,15.542
SDN,Sudan,2007,1444.37219238281,5.735274236644841,61.442,80.4,33.9691314697266,8.822970390319824,21.30612612825484,1504379838.38584,31.1,2.38350034195252,14.75427707800844,15.534
SDN,Sudan,2008,1527.58239746094,3.8467447312105776,61.261,77.9,35.8935012817383,9.39278030395508,20.66890796962097,1653120315.475,20.0,2.59050308685206,14.29712244814345,15.566
SDN,Sudan,2009,1178.22180175781,-2.767704365991378,62.676,75.5,39.4921493530273,10.7818202972412,22.325908295005977,1726298402.95145,29.0,2.77210926299041,11.25675870630097,13.0
SDN,Sudan,2010,1305.63598632813,3.858241952301072,62.979,73.4,39.6667785644531,10.7818202972412,20.398539232300266,2063730997.66213,36.0,2.41578933319134,12.97766638980141,15.168
SDN,Sudan,2011,1332.6572265625,-3.213532092533711,63.181,71.3,35.2129783630371,10.7818202972412,23.262434017525933,1734376994.48388,38.3,2.0304098222439,18.0966171221351,17.44
SDN,Sudan,2012,1019.22210693359,-17.004688404894466,63.427,69.3,38.7272605895996,10.7818202972412,19.72413161997893,2311460739.75953,40.7,2.14168968629865,35.55905741470241,16.973
SDN,Sudan,2013,1138.62780761719,1.9551446330242184,63.443,67.3,40.9434089660645,10.7818202972412,17.195046696631366,1687884178.79722,43.1,2.30951835174238,36.52234491391544,16.273
SDN,Sudan,2014,1275.43835449219,4.661379542298732,63.99,65.4,42.046989440918,10.7818202972412,15.04153414665295,1251280889.37784,44.9,2.70863780408064,36.90664278635953,15.41
SDN,Sudan,2015,1292.37963867188,1.9101768905275092,64.375,63.5,42.5230712890625,10.7818202972412,12.808133532263932,1728373403.43067,48.0,3.04689971719172,16.90957060509773,14.39
SDN,Sudan,2016,1033.21594238281,3.467642184092881,64.677,61.6,40.9556007385254,10.7818202972412,9.305915262550505,1063767535.33587,50.5,3.04008474256183,17.75025383119596,13.656
SDN,Sudan,2017,966.505676269531,0.7092562847664396,65.146,59.7,43.0903282165527,10.7818202972412,10.768634443148528,1065298481.41867,53.0,3.46430091592296,32.35162609684366,13.0
SDN,Sudan,2018,731.027465820313,-2.6809305497998963,65.501,57.8,42.1366996765137,10.7818202972412,9.989350237674495,1135787164.04941,55.3,3.48828675547566,51.0649426570531,12.347
SDN,Sudan,2019,709.975280761719,-2.178251045300911,65.803,56.1,43.5378608703613,10.7818202972412,14.305007836220096,825354992.310273,57.6,2.93537902352139,50.99405150029646,11.697
SDN,Sudan,2020,577.795227050781,-3.62980082410752,65.124,54.3,43.5378608703613,10.7818202972412,5.786535233410679,716939710.59488,59.7,2.6882512565735,51.0649426570531,11.995
SEN,Senegal,2000,603.2331624551578,3.887210958167927,57.615,128.9,15.2092504501343,17.6184902191162,22.373227287341667,81643690.1235186,37.7,2.41009917724256,0.7319819819815966,2.638
SEN,Senegal,2001,637.2135305637236,4.310851466183692,58.158,121.7,15.5517797470093,15.7297401428223,25.57021350597089,45083429.8139549,38.9,2.42496943712898,2.974500839195664,2.674
SEN,Senegal,2002,669.4304473192087,0.0686965747419066,58.912,113.2,16.9281692504883,16.7219200134277,23.11500212893881,82692671.5664975,36.8,2.44966153599012,2.337301874542993,2.82
SEN,Senegal,2003,817.8880342214424,5.593950944561428,59.474,104.2,18.446959495544448,16.1175098419189,23.92627125086041,86499780.3681952,41.9,2.40684962152091,-0.0519970242714495,2.781
SEN,Senegal,2004,918.1020795221552,4.643293936833118,60.308,95.5,19.9657497406006,16.9622497558594,23.633669684074647,137583476.929811,36.8,2.34632515714346,0.5147817810230156,2.775
SEN,Senegal,2005,979.846101520171,4.310238526396333,60.98,87.6,22.2482490539551,21.7709693908691,24.572879248560188,167944230.519191,47.1,2.33918136359556,1.711333258555021,2.679
SEN,Senegal,2006,1017.2019674798736,2.3307709833023864,61.801,80.8,24.2208805084229,17.9546394348144,22.416825260760813,289840300.29228,49.9,2.32792929230269,2.112285838771169,2.755
SEN,Senegal,2007,1188.9387780817513,2.827119201333744,62.653,75.0,27.4614706039429,18.59038925170895,24.61841488184738,351458732.442619,48.1,2.32279384441662,5.853304284676812,2.8
SEN,Senegal,2008,1398.7921801002094,3.7031690639138617,63.201,70.1,30.7020606994629,19.2261390686035,26.226708332165288,455739867.976293,49.7,2.3395118470328,7.34720236578406,2.816
SEN,Senegal,2009,1308.6940433620512,2.7521044845505287,63.751,66.1,33.9143810272217,23.3004493713379,20.397488374168542,331473910.250357,53.5,2.36561415953051,-2.248021478553397,2.807
SEN,Senegal,2010,1275.883574923571,3.39088925336209,64.221,62.8,37.1267013549805,2.51060009002686,20.08694666428171,272092888.456612,56.5,2.38690195279185,1.22868119673344,2.795
SEN,Senegal,2011,1374.6759187384446,1.334091079612577,64.799,60.0,42.6368983156004,21.0869693756104,21.000340012212806,338661995.579347,56.5,2.52791519909846,3.40322829786971,2.853
SEN,Senegal,2012,1326.837988483788,4.002995550904572,65.229,57.6,46.4158677062967,20.7952499389648,24.624097253879565,276159533.004473,56.5,2.67702425205872,1.41822871177854,3.896
SEN,Senegal,2013,1379.831965539237,2.4123852760557867,65.638,55.5,49.0776594909389,25.7423496246338,24.06634851406993,311366768.819424,57.0,2.96345954605318,0.710245486695176,5.012
SEN,Senegal,2014,1398.891376013819,6.224074437909863,66.001,53.7,50.546931380439,24.8013095855713,25.88078676719346,403098056.387862,61.0,3.16757470346908,-1.090255074468949,5.849
SEN,Senegal,2015,1218.0061355543774,6.367043650669828,66.451,52.2,50.5380516052246,23.7782707214356,25.833308750410374,409166125.814909,60.5,3.07014792428801,0.1352119336351645,6.757
SEN,Senegal,2016,1266.439571515872,6.356068572081355,66.724,50.8,49.019152517918755,21.3373699188232,25.361673028226605,472409799.846776,64.5,2.97843134010735,0.8372849425574345,4.455
SEN,Senegal,2017,1354.7700719338682,7.407486185895976,67.059,49.4,47.5002534306129,21.1016902923584,29.776790072977207,588292997.958708,61.7,2.88769908740551,1.318153148477892,4.078
SEN,Senegal,2018,1452.556125624453,6.209241033888873,67.379,47.9,45.981354343307046,22.6592807769775,32.64794094122393,847841574.790215,66.0,2.8004569855314,0.4609856424641883,3.453
SEN,Senegal,2019,1431.1812893215913,4.613628097622097,67.668,46.2,44.4624552560012,14.6931200027466,31.96566034348261,1065461344.07465,70.4,2.71760793051867,1.760111511929386,2.863
SEN,Senegal,2020,1461.087203505526,1.342073772855244,67.496,44.2,44.7866297761573,19.216739654541,35.632965093467014,1845665272.73822,64.3,2.63303572524896,2.543146856816618,3.432
SLE,Sierra Leone,2000,143.74374323964406,6.652730284047664,44.834,222.8,25.5431499481201,20.7299995422363,1.09681037230364,39000824.5205233,7.7,2.41540405213567,11.64997445181059,4.137
SLE,Sierra Leone,2001,358.3157160515458,-6.345455633284686,45.448,217.3,25.5431499481201,17.9699993133545,10.993081014895472,9835742.02237573,8.5,5.90551884410875,11.64997445181059,4.235
SLE,Sierra Leone,2002,388.99511121683577,26.52413506744091,46.174,211.6,27.031191825866678,17.6999988555908,11.806152871588644,10413409.4634409,9.2,5.76970115082171,11.64997445181059,3.909
SLE,Sierra Leone,2003,413.8176073469269,9.48363126885343,46.784,205.7,28.51923370361326,17.3199996948242,11.329883306101769,8615049.66773899,9.9,4.06499006251213,11.64997445181059,3.879
SLE,Sierra Leone,2004,417.7499833292271,6.478845884173467,47.485,199.6,30.007275581359842,17.1499996185303,10.429834715000643,61153314.1933297,16.8,3.38061570413438,11.64997445181059,3.42
SLE,Sierra Leone,2005,462.6333244279451,4.3534998069981015,48.306,193.2,31.49531745910642,15.5100002288818,11.409607906241328,90731669.7377148,11.3,2.68947280362006,11.64997445181059,3.734
SLE,Sierra Leone,2006,580.26796974773,4.283110622643349,49.547,186.5,32.983359336853,17.6300001144409,10.546859842572728,58869143.9072179,12.2,2.2066693720303,11.64997445181059,3.89
SLE,Sierra Leone,2007,631.8899262649983,3.749758047516409,50.024,179.6,34.47140121459958,19.75,10.159167300427136,95470171.3159827,13.0,2.19611425557566,11.64997445181059,4.022
SLE,Sierra Leone,2008,705.3590140800051,3.686059699321234,50.693,172.4,35.95944309234616,14.9299993515015,10.379405788603718,53095068.0674311,12.1,2.49702214618885,8.211124322896078,4.132
SLE,Sierra Leone,2009,652.8458067679428,1.5308032395871578,51.312,165.2,37.447484970092745,15.9000005722046,11.208861590208718,110430202.517695,14.6,2.69336857329164,7.469018985409824,4.268
SLE,Sierra Leone,2010,685.0396734909484,6.355665958004948,51.927,157.9,38.93552684783932,12.7999992370606,34.433555789299014,238404209.34276,11.5,2.72150859888002,7.185662756681626,4.34
SLE,Sierra Leone,2011,761.146365577281,8.100655187149172,52.594,150.8,40.4235687255859,12.4099998474121,46.545415729424136,950477791.380297,14.2,2.60978263924562,6.791382919526211,4.388
SLE,Sierra Leone,2012,937.504428180231,10.578331663386976,53.159,144.1,44.5522918701172,14.1300001144409,29.40980518071375,722447405.067387,17.2,2.53259491687101,6.58776239392585,4.378
SLE,Sierra Leone,2013,1117.471830751147,14.663323807522914,54.051,137.9,39.2237892150879,15.1999998092651,17.65178991953556,429664580.136067,13.5,2.45725730456865,5.52412877994266,4.376
SLE,Sierra Leone,2014,1117.758646572104,-7.815015124572412,54.281,135.9,39.5350799560547,15.0900001525879,15.982290990833969,375089628.512417,18.8,2.38905832119365,4.639311714096666,4.678
SLE,Sierra Leone,2015,964.5759808889884,-4.363332620937882,55.454,136.8,39.8463706970215,13.78000020980835,18.06132494754137,252435829.433901,19.7,2.31819402812025,6.689435624986811,4.483
SLE,Sierra Leone,2016,844.4164111754764,6.437436527642575,56.937,121.8,42.1386795043945,12.4700002670288,17.661896654120362,138517339.824904,20.3,2.35457342669593,10.88606094139033,4.182
SLE,Sierra Leone,2017,779.1860078417283,3.207860877159874,57.761,117.0,41.5312194824219,19.8899993896484,19.13998463476268,413724600.631129,23.4,2.38578952940087,18.22150940033864,3.656
SLE,Sierra Leone,2018,845.9145404609322,2.893856412367697,59.059,112.4,43.119270324707,32.7299995422363,15.61725704583453,185646292.276508,26.1,2.34731039123252,16.02954476936986,3.192
SLE,Sierra Leone,2019,843.7125173041702,5.502709373781528,59.593,108.3,61.1980781555176,35.0099983215332,16.02593886288652,121782194.444714,22.7,2.32146457882717,14.80499909060209,3.204
SLE,Sierra Leone,2020,845.2775582361819,-1.2533490322766028,59.694,104.4,62.5606803894043,34.2400016784668,15.341210674455036,51000000.0,26.3,2.30847202655897,13.44687111010521,3.509
SOM,Somalia,2000,386.1192744012752,7.11031431133236,50.747,173.2,6.01468992233276,1.4211317173113,15.736033075138764,270000.0,2.1,4.00097862828906,4.969631827756125,18.678
SOM,Somalia,2001,244.91484253845545,7.110314311432404,50.829,173.2,6.01468992233276,1.4211317173113,15.736033075138764,40000.0,4.7,3.98983884745091,4.969631827756125,18.665
SOM,Somalia,2002,229.5989183100392,7.630267293310467,50.82,173.2,6.01468992233276,1.4211317173113,15.736033075138764,140000.0,7.4,3.75080850397474,4.969631827756125,18.658
SOM,Somalia,2003,286.27302519897466,7.63026729332455,50.721,173.2,6.01468992233276,1.4211317173113,15.736033075138764,-850000.0,9.8,3.69115278037828,4.969631827756125,18.648
SOM,Somalia,2004,375.4103262253873,7.110314311256076,50.685,173.2,6.01468992233276,1.4211317173113,15.736033075138764,-4790000.0,12.4,3.68380578936556,4.969631827756125,18.653
SOM,Somalia,2005,439.9799078054776,7.110314311314596,50.894,173.2,6.01468992233276,1.4211317173113,15.736033075138764,24000000.0,15.0,3.47204363776718,4.969631827756125,18.671
SOM,Somalia,2006,457.99666220665927,6.486370732739076,50.915,172.6,6.01468992233276,1.4211317173113,15.736033075138764,96000000.0,15.2,3.06479248294565,4.969631827756125,18.705
SOM,Somalia,2007,479.6356280652894,6.694351925525524,50.885,170.5,6.01468992233276,1.4211317173113,15.736033075138764,141000000.0,20.2,3.11334404047468,4.969631827756125,18.687
SOM,Somalia,2008,507.03744334738,6.694351925820087,51.456,166.7,6.01468992233276,1.4211317173113,15.736033075138764,87000000.0,22.9,2.96295013077131,4.969631827756125,18.714
SOM,Somalia,2009,246.5132516751049,6.694351925561875,52.101,162.4,6.01468992233276,1.4211317173113,15.736033075138764,108000000.0,25.5,2.52395215945852,4.969631827756125,18.724
SOM,Somalia,2010,219.2024538523968,6.69435192550543,48.9,186.7,6.01468992233276,1.4211317173113,15.736033075138764,112000000.0,52.3,2.48169887268086,4.969631827756125,18.741
SOM,Somalia,2011,235.3259456104336,6.694351925677552,32.453,363.1,6.01468992233276,1.4211317173113,15.736033075138764,102000000.0,52.0,0.707617147612372,4.969631827756125,18.761
SOM,Somalia,2012,350.2619467205121,6.694351925566977,49.138,185.4,6.01468992233276,1.4211317173113,15.736033075138764,107330000.0,51.8,0.905528519522503,4.969631827756125,18.771
SOM,Somalia,2013,393.3987039529792,10.959298616431056,54.016,143.2,6.01468992233276,1.4211317173113,14.369560015011842,258000000.0,51.5,3.22508679396084,4.969631827756125,18.655
SOM,Somalia,2014,429.4316567251017,8.978005905746173,54.442,138.6,6.01468992233276,1.4211317173113,13.410406353375144,261000000.0,51.4,3.58614089585868,4.969631827756125,18.595
SOM,Somalia,2015,445.583080073396,10.462188123514691,55.056,134.3,6.01468992233276,1.4211317173113,13.14808121276991,303000000.0,51.2,3.44441462928404,4.969631827756125,18.495
SOM,Somalia,2016,460.928490585175,7.034872600421622,55.283,130.2,6.01468992233276,1.31484064005925,12.8456368959279,330000000.0,51.1,3.8489103342184,4.969631827756125,18.611
SOM,Somalia,2017,510.93995231772567,14.735795604519453,52.19,156.4,6.01468992233276,2.22346186922926,13.825107047032429,369000000.0,52.1,3.88144974373944,4.969631827756125,18.455
SOM,Somalia,2018,509.49727380453385,2.054315072610692,54.767,136.4,6.01468992233276,2.9617976771244,16.10567763241458,408000000.0,50.7,3.52933303532182,4.969631827756125,18.7
SOM,Somalia,2019,539.9548162116943,2.800333125130124,57.249,118.4,6.01468992233276,4.28732288122103,16.081330868761555,447000000.0,49.2,3.67525774477084,4.969631827756125,18.828
SOM,Somalia,2020,518.1611333387503,-2.764556962025324,57.095,114.7,6.01468992233276,2.99771462084585,16.006026889197962,534000000.0,49.9,3.79592066888979,4.969631827756125,19.414
SSD,South Sudan,2009,1323.220687478618,5.041641879833421,56.848,112.7,10.8023195266724,3.95070004463196,13.652130980457908,161000000.0,3.0,4.71716057220357,5.006273615340468,12.438
SSD,South Sudan,2010,1498.2703498519422,5.493416395299448,57.485,107.2,10.8023195266724,3.95070004463196,10.289655076843273,161000000.0,1.5,5.29254618151503,1.169621803011082,12.473
SSD,South Sudan,2011,1448.9843500640816,-4.640316736008586,57.674,102.3,10.8023195266724,3.95070004463196,9.488777068056262,161000000.0,2.8,5.41366403885379,46.8521757193597,12.585
SSD,South Sudan,2012,1109.2605008340763,-46.082122374300695,58.241,98.9,10.985442161560076,3.5893599987030047,7.074252837238499,161000000.0,3.3,4.44972889782953,45.52589783717057,12.803
SSD,South Sudan,2013,1650.1894335352792,13.129731140694332,58.285,97.2,11.16856479644775,3.22801995277405,11.367773826375291,-793000000.0,3.8,3.74120236356755,-0.0580909784225664,12.665
SSD,South Sudan,2014,1242.7345018103244,3.37364847715736,45.625,182.6,11.351687431335424,4.13136005401611,7.994508830212404,1035825.73,4.3,0.614232824755906,1.674299062955201,12.561
SSD,South Sudan,2015,1080.1471862476544,-10.793364627114316,39.757,240.8,11.5348100662231,3.3249499797821,5.7507563715105245,150000.0,4.8,-1.14143555707987,51.0649426570531,12.464
STP,Sao Tome and Principe,2000,529.0893834122617,0.4483682616929485,61.207,82.2,36.1393585205078,6.56044006347656,18.78578752367437,3800000.0,52.9,1.10033924534294,12.20894563089766,14.4
STP,Sao Tome and Principe,2001,518.88050130005,3.064482957887193,61.5,76.7,36.1393585205078,6.56044006347656,18.78578752367437,3000000.0,51.5,1.62335301537299,9.222037075608894,15.73
STP,Sao Tome and Principe,2002,568.1025725227101,3.3601881682219954,61.826,71.1,36.1393585205078,6.56044006347656,18.78578752367437,3600000.0,52.5,2.39433369314868,10.12872467222902,17.63
STP,Sao Tome and Principe,2003,663.6962118104944,8.291519461198178,62.158,65.7,36.1393585205078,6.69200992584229,18.78578752367437,3400000.0,53.6,2.56289213876339,9.79241974934509,16.36
STP,Sao Tome and Principe,2004,726.5608821304438,3.537905943568404,62.56,60.5,39.6760902404785,5.85359001159668,18.78578752367437,3501000.0,54.7,2.49821189998236,13.28588608717963,16.12
STP,Sao Tome and Principe,2005,844.1691818842738,6.614624750335992,62.434,55.7,43.0029182434082,12.1254796981812,18.78578752367437,15664000.0,55.8,2.46392543668319,17.15220493543541,16.47
STP,Sao Tome and Principe,2006,861.9707076976637,8.866109359440259,63.041,51.1,44.73871421813965,14.0842304229736,18.78578752367437,38015839.45735,56.9,2.44392306226435,23.07703734513812,16.65
STP,Sao Tome and Principe,2007,878.8857919187451,3.641471851660242,63.336,46.9,46.4745101928711,16.6573505401611,18.78578752367437,36028527.82392,58.0,2.42274880138795,18.54851363257793,16.021
STP,Sao Tome and Principe,2008,1081.868458472896,6.228785069610197,63.448,43.1,43.6149482727051,18.2486305236816,18.78578752367437,79143388.7554088,59.1,2.38327636004872,31.99010394925735,15.421
STP,Sao Tome and Principe,2009,1128.2804621330542,3.3023996664506114,63.669,39.5,49.2131805419922,20.5607795715332,21.33712559438936,15500000.0,56.9,2.30924305588459,16.95747580259453,15.136
STP,Sao Tome and Principe,2010,1045.2095823452787,1.4484552289063544,63.867,36.2,50.2788581848145,19.3274097442627,25.715832612236223,50600000.0,61.4,2.1960816383463,13.34005235377999,14.628
STP,Sao Tome and Principe,2011,1219.801890896708,1.9994321033325944,64.122,33.2,48.8370208740234,11.3804157822642,22.448986799726143,32152348.5469533,62.6,2.09396113456698,14.32716676168013,14.229
STP,Sao Tome and Principe,2012,1210.7926479817024,2.9429427741602296,64.505,30.4,56.3386497497559,13.7216196060181,16.555893711575777,22471527.027027,57.9,2.02092788368455,10.63793534316276,13.59
STP,Sao Tome and Principe,2013,1382.5757842916,5.11967735428513,64.93,27.9,63.3046607971191,18.8296699523926,17.108045910070675,12162344.8222509,65.0,1.93896614465408,8.105832708754763,12.476
STP,Sao Tome and Principe,2014,1489.67633417608,4.906210486648675,65.478,25.5,74.2815475463867,12.3246698379517,16.219083735103553,26489982.1283667,68.6,1.85635532189371,6.998499439664208,11.428
STP,Sao Tome and Principe,2015,1298.1094659639627,1.5397042826734977,66.023,23.3,82.4009170532227,11.2973403930664,14.55023079186321,27924059.1401315,67.3,1.77510214302047,5.245878350224542,10.591
STP,Sao Tome and Principe,2016,1434.8701805052076,5.17682468684113,66.563,21.3,83.8791198730469,15.9666795730591,13.10234023528262,23331087.1205747,69.4,1.6823011731644,5.430519661191558,9.684
STP,Sao Tome and Principe,2017,1555.794778128885,4.112979662819541,67.074,19.6,90.4435729980469,18.3999996185303,15.303904220693983,34208489.0333144,74.3,1.59795344333085,5.690296199290199,8.808
STP,Sao Tome and Principe,2018,1825.5997175396567,4.378128082649724,67.602,18.2,90.4435729980469,20.1165409088135,13.753695671847527,23698321.4864449,71.0,1.54237554431048,7.868596288739091,8.712
STP,Sao Tome and Principe,2019,1935.2931816596,2.0143167212940654,68.043,17.1,90.4435729980469,17.5924450901,11.975318675067294,24191799.5128287,75.1,1.51332392108067,7.720245252132482,8.835
STP,Sao Tome and Principe,2020,2167.220017969252,2.624859495438116,67.979,16.1,90.4435729980469,16.1259357979116,11.80502316573125,47112184.7725813,76.8,1.87691054092554,9.819327915401464,9.679
SWZ,Eswatini,2000,1629.6703884281549,1.7601732838822244,47.627,112.5,43.3038711547852,18.745080947876,16.13457811767454,90658006.1898745,20.4,1.02616676195214,12.20853585458438,24.547
SWZ,Eswatini,2001,1429.8563035944703,1.4122139328706569,46.344,115.7,43.7772598266602,19.6561794281006,16.13457811767454,29330084.3469718,26.9,0.922357932930459,5.942109822816477,25.24
SWZ,Eswatini,2002,1315.7363464799394,4.088647939882904,45.38,117.0,44.738208770752,17.2937698364258,16.13457811767454,92945313.1719951,25.9,0.793842610388924,12.01971546992315,25.771
SWZ,Eswatini,2003,2015.2174306525103,4.538655256725278,44.632,117.9,44.4690589904785,22.0638198852539,16.13457811767454,-60190680.4797118,28.7,0.682836011828583,7.289999999999992,26.259
SWZ,Eswatini,2004,2525.5640452625016,3.617119319222468,43.906,118.0,48.3460006713867,21.1040706634521,16.13457811767454,69582011.8372507,31.4,0.603686468671865,3.445335073166136,26.716
SWZ,Eswatini,2005,2871.0687743744857,5.992282890960368,43.958,117.0,50.5027885437012,20.8918590545654,16.13457811767454,-45850344.677386,34.2,0.544843998142576,4.774004045537119,27.221
SWZ,Eswatini,2006,2964.958652006824,6.728809465640936,44.563,106.4,54.4987907409668,22.7075691223144,16.13457811767454,121031132.733166,35.2,0.500496085577333,5.304639463387275,27.693
SWZ,Eswatini,2007,3109.1109760886397,4.317721448723617,45.16,100.3,58.3698616027832,22.26040458679195,16.13457811767454,37493846.2379167,39.8,0.576423998080883,8.076088278615886,28.24
SWZ,Eswatini,2008,2946.860661374604,1.4405535872711823,45.853,97.9,58.97041511535645,21.8132400512695,16.13457811767454,105729374.657006,42.6,0.6748941459051,12.65746018639152,27.891
SWZ,Eswatini,2009,3189.796799566374,1.4331113424775594,46.913,92.4,59.5709686279297,19.3863792419434,16.13457811767454,65705859.5150369,38.6,0.6410569310186,7.448234234457536,27.488
SWZ,Eswatini,2010,3922.740393907329,3.8244348742976655,48.331,82.1,64.5977020263672,18.2830295562744,16.13457811767454,135660413.694601,45.6,0.586161116007687,4.50923691774369,26.856
SWZ,Eswatini,2011,4225.060494119111,1.8397362591616544,49.057,67.6,67.2353363037109,22.3339290618896,16.13457811767454,98708321.7157849,51.2,0.554659161024556,6.107427145902511,26.105
SWZ,Eswatini,2012,4224.547891744865,4.090481901245923,50.714,62.7,69.2019271850586,21.4377595434245,16.13457811767454,26480002.3332332,54.3,0.537986822820009,8.939646827882116,25.226
SWZ,Eswatini,2013,3949.94310039907,4.094585221192261,52.11,59.7,70.8080825805664,17.2339964069829,16.13457811767454,81790158.3971155,57.5,0.54369252057836,5.621306234689477,24.556
SWZ,Eswatini,2014,3771.072283819378,2.0573817924658613,53.491,60.0,73.7052383422852,24.7954406738281,19.62758850766792,25782635.1713071,65.0,0.556770676458685,5.681348857764474,23.931
SWZ,Eswatini,2015,3419.822765595284,1.70425806017289,54.941,57.5,76.2872772216797,16.4153878428853,17.221706182825127,31498094.3702929,64.1,0.57162769864017,4.951244937049192,23.431
SWZ,Eswatini,2016,3238.176119613639,2.949168210599112,56.228,54.4,82.023935767308,16.5549111270287,17.357766396502154,26852077.6519873,63.4,0.584038792817515,7.847274590856799,22.718
SWZ,Eswatini,2017,3853.099565696787,3.520953459879834,57.574,53.6,82.023935767308,18.6662750914785,17.696790335627647,-57647593.3929901,73.5,0.752960394981198,6.221375289331178,24.543
SWZ,Eswatini,2018,3972.654506203567,0.0653956557843571,58.707,50.4,82.023935767308,17.2210118266549,19.849038302628376,31130826.6571527,74.0,0.922518621738631,4.815061674615126,26.471
SWZ,Eswatini,2019,3913.1457754733615,6.431868886915737,59.85,51.5,82.023935767308,18.5068975878254,16.231834970756136,127970921.965401,77.0,0.931970814127083,2.598016203110773,28.222
SWZ,Eswatini,2020,3466.569362781452,-2.951834534092868,59.862,50.5,82.023935767308,15.8905396021243,15.290228217358552,38787632.6722704,80.0,1.0836305772053,2.598016203110773,32.978
SYC,Seychelles,2000,8063.655005751688,4.253198349318282,72.77804878048782,13.8,86.0170364379883,9.22015953063965,24.91839394653346,24326996.8409907,94.1,0.892658566766174,6.268768768768784,5.7204999999999995
SYC,Seychelles,2001,8153.298636987904,-2.2711628855298187,73.25365853658538,13.8,78.5736694335938,9.22015953063965,40.39510028265101,64740256.5069248,94.4,0.0874745178458057,5.969622041681559,5.7204999999999995
SYC,Seychelles,2002,8864.169194954675,1.212832902593135,71.08780487804879,13.7,74.4553298950195,9.22015953063965,27.58813455891498,47717748.0672259,96.1,3.05738532610948,0.1749999999999242,5.7204999999999995
SYC,Seychelles,2003,9070.284607570127,-5.887128487644773,71.02926829268294,13.8,77.5321578979492,12.0431995391846,10.962983180692309,58425540.7263851,94.9,-1.13151642070391,3.302553864070886,5.7204999999999995
SYC,Seychelles,2004,10827.671636032956,-2.8504539768537995,72.6609756097561,13.8,77.4061813354492,11.680306434631367,17.416064265597345,38014852.1,95.2,-0.370334934558794,3.857303913673989,5.7204999999999995
SYC,Seychelles,2005,11802.111827683288,9.005761737423796,72.13170731707318,13.8,84.5365982055664,11.317413330078134,23.86914095233371,80729739.0909091,95.5,0.463308214458562,0.9071877180739436,5.7204999999999995
SYC,Seychelles,2006,12782.993892647544,9.406128557328271,72.21707317073172,13.8,77.854362487793,10.9545202255249,30.322223858020514,140555693.466973,99.0,2.0805967352947,-0.3534654986937563,5.7204999999999995
SYC,Seychelles,2007,12669.30266872219,8.876066455708795,73.14390243902439,13.9,84.6312103271484,10.837276268005361,29.22442943459382,175923646.509834,96.1,0.510514982843497,5.320600272851421,5.7204999999999995
SYC,Seychelles,2008,11265.437627000474,-2.7259462615486427,73.16341463414635,13.9,81.1551132202148,10.72003231048582,27.64303399550096,179825444.152504,96.5,2.23628271543202,36.96475828752887,5.7204999999999995
SYC,Seychelles,2009,9747.09180546291,-2.4793759472613743,73.0829268292683,14.0,80.9706115722656,10.60278835296628,28.02722542294434,168251661.935522,96.8,0.39253094807516,31.75444077441784,5.7204999999999995
SYC,Seychelles,2010,10934.79494629001,4.505132043120668,73.19756097560976,14.1,76.172233581543,10.48554439544674,37.03142381658668,159795374.999999,97.0,2.79232906929128,-2.404638751082275,5.7204999999999995
SYC,Seychelles,2011,12110.09374619728,9.509783351795704,72.72439024390245,14.2,74.46608040201,10.3683004379272,34.81624935555502,143240665.103454,98.1,-2.62865635521684,2.559267722309531,5.7204999999999995
SYC,Seychelles,2012,12337.155466938775,3.110678493924297,74.27560975609757,14.3,84.5009231567383,6.77966976165771,37.7299203495349,613208776.273067,98.3,0.980980190128322,7.110370623264027,5.7204999999999995
SYC,Seychelles,2013,14821.292147607652,1.2537349624294905,73.11951219512196,14.4,84.6974263853466,9.53662967681885,38.56690570794129,57289065.622999,98.0,1.84687609296508,4.338938483290987,5.7204999999999995
SYC,Seychelles,2014,14984.382277034312,4.063691812352104,73.22926829268293,14.5,89.3980343980344,11.8409996032715,29.054898874945074,108355443.10197,100.0,1.55539570911507,1.38583454581263,5.7204999999999995
SYC,Seychelles,2015,14984.382277034312,8.914008875046903,74.29512195121953,14.6,92.0911695105244,15.5924196243286,26.879515371651785,105893597.203314,100.0,2.22979505321923,4.041944107256171,5.7204999999999995
SYC,Seychelles,2016,14984.382277034312,12.117527245391344,74.30975609756099,14.7,101.712798026857,11.6648302078247,25.13473942498925,68346743.9281733,100.0,1.33763477950025,-1.015481916976257,5.7204999999999995
SYC,Seychelles,2017,14984.382277034312,6.954162187942714,74.30000000000001,14.7,112.311212814645,10.2598304003339,24.53517669288244,197311244.14602,100.0,1.22403375818123,2.856795755684371,5.7204999999999995
SYC,Seychelles,2018,14984.382277034312,4.939472722543115,72.84146341463415,14.8,108.274060095805,10.5146202166016,21.98698661649829,305172393.791332,100.0,0.954291917891324,3.702918391115683,5.7204999999999995
SYC,Seychelles,2019,14984.382277034312,5.514292073734197,74.04634146341465,14.8,100.825877494838,11.130556515303,22.08559452872178,257086351.804392,100.0,0.887925293341637,1.807094008099823,5.7204999999999995
SYC,Seychelles,2020,14041.47540745751,-11.739860828173192,77.23658536585367,14.8,102.18818380744,9.16800507042633,21.321319896002212,80053481.4058233,100.0,0.853707878128979,1.202664639871229,5.7204999999999995
TCD,Chad,2000,163.12166368336872,-0.8796810241560138,47.937,182.4,10.964280128479,12.8444900512695,23.27390221937216,115172420.0,3.1,3.45886279310456,3.822600880863059,0.796
TCD,Chad,2001,194.32295331156047,11.658134655077149,48.306,179.0,12.6534004211426,13.7868499755859,40.25037691277946,459866390.0,3.4,3.3732389780589,12.43128652799407,0.792
TCD,Chad,2002,219.06139195134932,8.491209819717696,48.36,175.6,13.4368200302124,12.868533452351867,60.15617303012807,924119210.0,3.8,3.48319249588089,5.191818951954464,0.769
TCD,Chad,2003,289.08762112216766,14.72166701235895,48.609,172.3,14.8295497894287,11.950216929117833,52.121774323042935,712663450.0,4.1,3.9958067889148,-1.752569412486548,0.725
TCD,Chad,2004,445.8507671570869,33.62937184985216,48.687,168.8,15.217809677124,11.0319004058838,24.283871918330945,466793490.0,3.5,4.4546309402426,-2.907991251225815,0.672
TCD,Chad,2005,838.0921077125565,17.332533735216174,48.86,165.4,15.5320997238159,14.6728200912476,19.109843864287736,-99342520.0,4.8,4.03110110056051,7.890365674629931,0.663
TCD,Chad,2006,906.8972605727467,-0.5428295708025104,48.747,161.8,15.8697900772095,13.211660146713287,17.703929240416734,-278414000.0,5.1,3.59763738193098,8.03628897951331,0.716
TCD,Chad,2007,980.4835314851032,4.20017418353298,49.21,158.1,18.2909908294678,11.750500202178975,18.369227625024543,-321655000.0,5.5,3.44475544445336,-2.907991251225815,0.839
TCD,Chad,2008,1166.3688345384062,3.081190338545412,49.503,154.3,20.7904891967773,10.289340257644662,18.546884712378947,466131000.0,5.9,3.49922011538019,10.29697582212537,0.922
TCD,Chad,2009,1035.637196942538,-1.4082826263759216,49.828,150.5,22.7542705535889,8.82818031311035,19.71818143804752,374900000.0,6.3,3.57296976276489,9.952422907488645,0.943
TCD,Chad,2010,1141.800692684123,13.673827272533856,50.107,146.7,22.369271805704,8.1192798614502,21.85444822470316,313000000.0,6.4,3.46077094768596,-2.077865746418658,0.911
TCD,Chad,2011,1308.1421872538,4.4954296705882655,50.426,142.9,22.8224817551818,10.0832595825195,24.96962381263194,281900000.0,9.0,3.53020185416521,2.0292405367826,0.92
TCD,Chad,2012,1354.3434470193736,9.061803922534466,50.765,139.3,22.1087903431339,9.21240997314453,24.926868359844367,579793040.0,7.8,3.51265481153462,7.516623646638329,0.886
TCD,Chad,2013,1304.8874297147463,2.8382152473029265,51.051,135.8,24.5326035474767,12.4614601135254,23.9026222562092,520200750.0,8.1,3.5694788341769,0.2226715646245507,0.955
TCD,Chad,2014,1278.7898142249378,2.0628307436141142,51.141,132.3,22.8485794067383,13.436782360076899,29.47959716290168,-675545920.0,8.4,3.56998697827762,1.681973139256705,0.984
TCD,Chad,2015,993.9907306108692,3.30415979779805,51.32,128.7,22.2454248795188,14.4121046066284,22.89223879555112,559642020.0,7.7,3.18336105662872,4.377126650656541,1.032
TCD,Chad,2016,861.8317676307461,-4.122503326370335,51.603,125.0,22.530490847167,15.3874268531799,18.35858901688313,244682120.0,9.2,3.13868697646131,-0.792440525236102,1.091
TCD,Chad,2017,854.4612004009803,-1.6174692282020402,51.875,121.4,20.5855678473561,16.3627490997314,18.536651885750494,363381640.0,10.9,3.30639583736028,-1.537099629808404,1.132
TCD,Chad,2018,948.6566298712312,5.7411158075815365,52.447,117.6,20.0021180694774,15.288269569363049,21.926254926393064,460890510.0,10.1,3.35956028710956,4.274621986105452,1.135
TCD,Chad,2019,893.3364416433249,5.382822028748137,52.993,114.0,20.192877474143,14.2137900389947,24.29099309116237,566638950.0,8.4,3.21991132048391,-0.971939175419401,1.077
TCD,Chad,2020,866.9478148904094,-0.3936465823803985,53.082,110.6,20.192877474143,11.6715060004173,22.787445549341857,557692500.0,10.9,3.18197036099619,4.464144372328608,1.695
TGO,Togo,2000,440.42039906949685,-0.7834796100480474,54.587,119.2,31.6074600219727,24.4237098693848,29.49747030749112,52818330.9863658,17.0,2.49694541999729,1.862605954630672,4.162
TGO,Togo,2001,426.8836058844888,0.8234387521118549,54.757,115.7,34.4402694702148,25.7313594818115,29.320566919472352,72617650.8875252,19.6,2.48616573955035,3.919591336531464,4.108
TGO,Togo,2002,479.43837386958745,3.8266225767514186,55.044,112.2,38.4870300292969,30.7000293731689,30.669067157494023,57806307.3736271,21.3,2.47686827426846,3.059818575358837,4.087
TGO,Togo,2003,579.728195854724,6.720171423360341,55.312,108.8,40.5968894958496,27.7564296722412,32.09516004398212,45773612.370036,23.0,2.49455979585183,-0.9300008840722136,3.957
TGO,Togo,2004,604.3113291167513,-0.9786653327387428,55.608,105.5,41.9863700866699,21.8306903839111,35.56416488075019,79967681.861951,24.8,2.43812237847062,0.3930786810316692,3.992
TGO,Togo,2005,595.2002120141339,-4.6662993841333815,55.931,102.4,44.2280082702637,17.6780796051025,25.11140806682949,96003598.2087157,26.5,2.465585096448,6.782928930283138,4.149
TGO,Togo,2006,596.2492031377622,2.650132099434728,56.154,99.3,46.0299682617188,17.2866497039795,19.02382228943437,91396741.8990609,27.9,2.85028115220356,2.228977794140268,4.229
TGO,Togo,2007,654.0836976664392,-1.175136899660501,56.395,96.5,42.7597885131836,18.15452003479,18.784538061673278,62406802.6278744,30.0,3.15943065724402,0.9456732717052136,3.822
TGO,Togo,2008,771.3511904047513,4.035613153988621,56.663,93.7,45.26249885559083,19.2456607818604,17.08592739277806,50892371.9537828,31.8,3.21297180409526,8.694828143639016,3.279
TGO,Togo,2009,770.1728697772536,5.453810969203317,56.94,90.9,47.76520919799805,19.3719806671143,14.49164284881205,46304496.1277116,33.7,3.22903074698961,3.71360592035809,2.847
TGO,Togo,2010,750.3234210861212,5.854333990768794,57.24,88.3,50.26791954040527,19.6157608032227,15.840424784488723,125064101.838993,30.8,3.12855507905751,1.445945174308637,2.379
TGO,Togo,2011,834.1467198027901,5.823256221352892,57.624,85.6,52.7706298828125,16.9037895202637,19.90430150153582,728710878.416044,39.7,2.72570995210441,3.5635147290396,1.982
TGO,Togo,2012,813.611525037432,6.302714268651855,57.953,82.9,54.10377027238175,17.6804294586182,17.696472905491408,121511565.575361,39.1,2.32840848204104,2.577181740558479,2.029
TGO,Togo,2013,885.6985227239293,5.824250692830589,58.356,80.2,55.436910661951,15.4976797103882,22.11466882752267,183599248.958183,41.0,2.15773898903495,1.825394759091617,2.084
TGO,Togo,2014,921.5397486314612,5.6332373914522265,58.776,77.7,56.770051051520255,15.63267993927,22.376966661239138,54020342.354686,45.7,2.02090495483301,0.19087507624975,2.141
TGO,Togo,2015,813.8946769750845,5.468041380730398,59.23,75.2,58.1031914410895,16.2116394042969,25.18501516739384,257860036.464441,44.7,1.91106686899123,2.585003908015947,2.204
TGO,Togo,2016,843.1142043386753,4.21490387414525,59.677,72.8,59.43633183065875,15.9913101196289,20.15724574518707,-46308331.6178517,46.8,1.81308919594096,1.285448470514168,2.968
TGO,Togo,2017,872.0764088457519,4.007912595669367,60.145,70.4,60.769472220228,23.1400394439697,16.836065454429765,88558699.5022234,48.0,1.70055326010166,-0.9818898689431192,3.744
TGO,Togo,2018,942.4807743931542,4.795183330861391,60.608,68.1,60.769472220228,21.7690906524658,19.136000254075388,-180972714.795729,50.0,1.81055738571426,0.9277554264571826,2.9
TGO,Togo,2019,917.7180167776186,4.919492604886827,61.061,66.0,60.769472220228,19.2347839695385,18.60092716027025,345697546.971432,52.5,2.14516244090598,0.674652770077525,2.036
TGO,Togo,2020,961.219781201934,2.159001311505364,61.14,63.9,60.769472220228,18.1434528739699,19.81052971148948,-59206820.0004109,54.1,2.18244940997049,1.69928463299399,2.231
TUN,Tunisia,2000,2199.044659363143,4.709972913804904,72.604,29.2,72.4827117919922,24.5917797088623,25.89880883622008,750720443.574374,94.8,1.12222559070037,2.962307947386055,14.94
TUN,Tunisia,2001,2235.7198162475106,3.79627166202512,72.822,27.2,74.8093338012695,24.6477603912354,26.17934631958269,451514809.247851,97.3,1.06692195988269,1.983333333333369,14.4
TUN,Tunisia,2002,2320.7723805784976,1.3225571482894622,73.07,25.5,76.4910736083984,22.8801307678223,23.81128955782768,790302916.627592,97.8,1.02654008179225,2.721032848504548,14.55
TUN,Tunisia,2003,2725.864314885902,4.702399532852411,73.304,24.0,76.0593566894531,27.684289932251,23.323306910316287,539481939.009799,98.4,0.999023084325491,2.712592474743517,14.51
TUN,Tunisia,2004,3067.419363769748,6.235790722226469,73.519,22.7,80.0033264160156,27.8338108062744,23.301878290871173,592147521.678619,99.0,0.934209359397325,3.632280049566251,14.23
TUN,Tunisia,2005,3146.8260743927026,3.4865455430439027,73.712,21.6,83.4392318725586,26.6956901550293,21.679444006591677,712714847.262545,99.2,0.874656405933051,2.017786413571443,12.872
TUN,Tunisia,2006,3322.5693357009604,5.244099832469161,73.888,20.7,85.9542694091797,26.8613090515137,23.449499739925955,3239909092.61659,99.4,0.8828182844401,3.225253374389166,12.51
TUN,Tunisia,2007,3726.916729356669,6.709520974535536,74.039,20.0,89.6093063354492,26.4286308288574,23.682178704288624,1515345043.99628,99.4,0.916799634880203,2.966944324773489,12.365
TUN,Tunisia,2008,4255.050080195232,4.237781475028186,74.192,19.4,91.0540390014648,25.2586708068848,25.523581048319983,2600674976.49755,99.4,0.961991588143559,4.345028076230452,12.444
TUN,Tunisia,2009,4080.090324487805,3.043450123715516,74.32,19.0,88.8368377685547,25.2620105743408,24.288650446851587,1525244857.52902,99.5,1.01963219046734,3.664903306429192,13.29
TUN,Tunisia,2010,4291.861208915754,2.97113275066512,74.438,18.7,88.1112289428711,24.846830368042,25.836268699141517,1334497694.56476,99.5,1.07673286637757,3.338979636010688,13.049
TUN,Tunisia,2011,4420.64772206537,-2.046633895356436,74.471,18.5,89.3414688110352,22.918920516967802,25.037242572386752,432666011.578487,99.5,1.10896127086771,3.24002842009531,18.334
TUN,Tunisia,2012,4297.267824542726,4.216677115356319,74.599,18.4,88.2885856628418,20.9910106658936,26.09702646853048,1554269128.7808,99.5,1.12911133130148,4.611844322066397,17.63
TUN,Tunisia,2013,4369.79345826358,2.4299309644642904,74.674,18.3,87.2357025146484,21.549120585123735,23.86784867226653,1058622582.18394,99.7,1.18925109300243,5.316235313266889,15.934
TUN,Tunisia,2014,4458.978954645474,3.0903280307077523,74.784,18.3,84.9663467407227,22.107230504353865,23.864611015030725,1024754443.57724,99.8,1.18603354474404,4.625550995340309,14.259
TUN,Tunisia,2015,4014.9477368643215,0.967834205635981,74.875,18.2,85.7816009521484,22.665340423584,21.738999712701915,970521888.740202,99.9,1.12871973379756,4.437371273215,15.159
TUN,Tunisia,2016,3847.803544488087,1.1172319639919976,75.007,18.1,90.3264236450195,21.410674618727022,20.47500758236442,622569482.161978,100.0,1.10253911569433,3.629399373843808,15.557
TUN,Tunisia,2017,3619.032473199532,2.252614376205869,75.177,17.9,90.3264236450195,20.15600881387005,21.29455992706705,810936482.841997,100.0,1.05116025482594,5.308848395658444,15.33
TUN,Tunisia,2018,3628.1036646423577,2.606969653563624,75.37,17.5,90.3264236450195,18.901343009013075,22.96356612131645,991385678.114219,99.8,0.982378425356264,7.307591760316519,15.459
TUN,Tunisia,2019,3528.87213306798,1.5500930496674243,75.599,16.9,90.3264236450195,17.6466772041561,19.803398083912,815012991.372017,100.0,0.926946081730267,6.72007532863799,17.153
TUN,Tunisia,2020,3548.653636638028,-8.975126229347225,75.004,16.0,90.3264236450195,20.8134754153382,12.688228909784849,623075275.921852,99.9,0.830022185577052,5.634151158976247,17.651
TZA,Tanzania,2000,401.698150634766,4.520784636032559,53.244,128.0,31.8920497894287,19.492639541626,17.462796824130972,463400858.7823,8.7,2.84152432501121,5.923961096374794,3.129
TZA,Tanzania,2001,396.638732910156,6.070808287341293,54.124,120.3,31.8920497894287,19.492639541626,18.316793092619083,549270351.46,9.7,2.70152074754623,5.147468002226182,2.994
TZA,Tanzania,2002,402.649047851563,7.093194983555023,54.94,112.4,31.8920497894287,19.492639541626,18.08809509470471,395567134.0,10.7,2.58850722069614,5.317833661182028,3.023
TZA,Tanzania,2003,422.18359375,6.672789830534967,55.929,105.0,31.8920497894287,19.492639541626,20.684386505419287,318401298.68,11.1,2.64525638066994,5.303566215097816,3.053
TZA,Tanzania,2004,450.385284423828,7.503814658598287,56.836,98.3,31.8920497894287,19.492639541626,24.49358057241556,442539548.35,11.4,2.71326096371365,4.735801439490581,3.105
TZA,Tanzania,2005,483.334869384766,7.476319259747839,57.675,92.2,31.8920497894287,18.1431407928467,27.395897917004525,935520591.71,13.8,2.77513941065557,5.034570092671631,3.193
TZA,Tanzania,2006,475.746734619141,6.532221388478135,58.512,86.7,31.8920497894287,15.0150699615478,30.32396445181969,403038991.36,14.9,2.80055623798532,7.25097262082546,3.299
TZA,Tanzania,2007,543.198303222656,6.768535202937159,59.26,81.3,31.8920497894287,19.4492301940918,32.65121734604314,581511806.98,15.9,2.79133312179469,7.025514369747714,3.023
TZA,Tanzania,2008,675.977233886719,5.686416859052244,59.896,76.6,31.8920497894287,18.9404697418213,37.489521696772286,1383260000.0,11.5,2.70285900109119,10.27839376211348,2.775
TZA,Tanzania,2009,693.823547363281,5.269105248734633,60.494,72.0,31.8920497894287,17.6823406219482,34.35567687292886,952630000.0,11.2,2.46693695085578,12.14222787429879,2.5
TZA,Tanzania,2010,736.530151367188,6.33652342666889,61.127,68.2,31.8920497894287,19.8020191192627,32.017244306363125,1813200000.0,14.8,2.54448522649017,6.200155956474026,3.03
TZA,Tanzania,2011,775.392761230469,7.672155434860642,61.618,64.6,32.05661473291207,17.6182433145382,34.73603330352233,1229361018.44368,14.2,2.79985031213535,12.6909694699162,3.47
TZA,Tanzania,2012,861.969909667969,4.50015356010131,62.286,61.7,32.22117967639544,16.878735196451,34.84510150832514,1799646137.43448,15.3,2.8799437394168,16.00109385063382,3.223
TZA,Tanzania,2013,963.05712890625,6.781585600653159,62.788,59.0,32.3857446198788,19.1151921301851,37.470607348422966,2087261309.71597,16.4,3.01455736724095,7.870723645739588,2.93
TZA,Tanzania,2014,1022.74841308594,6.732461868324833,63.364,56.3,29.6310806274414,17.2971000671387,37.65396656325614,1416088064.811,23.5,3.08040316049107,6.131614329880117,2.125
TZA,Tanzania,2015,939.127319335938,6.160628774066822,63.928,54.3,26.090669631958,17.6345504974681,32.75869228456072,1506024896.011,26.2,3.26181042317192,5.588169529592981,2.009
TZA,Tanzania,2016,953.0107421875,6.867116196445508,64.404,52.0,25.6429992626308,17.2042319575026,32.17478605096546,864040000.0,32.8,3.40729531415315,5.174766293014932,1.931
TZA,Tanzania,2017,986.674011230469,6.727269968324379,64.963,49.8,26.3711632016128,24.3965396881104,32.354141404314966,937700000.0,32.1,3.3414302210835,5.318716052289308,1.854
TZA,Tanzania,2018,1023.10626220703,5.502675993849664,65.488,47.6,28.5933897410534,20.504940032959,38.37657448364964,971576866.042756,34.9,3.15572113764533,3.494458488561813,1.792
TZA,Tanzania,2019,1063.32250976563,5.799999999967227,66.007,45.6,30.1824263288684,14.2921084679586,39.72640572765705,1217235252.41973,37.7,2.98060939385811,3.464280579990205,1.735
TZA,Tanzania,2020,1117.41528320313,1.9919646064785468,66.771,43.8,30.9205938581875,13.6285579909749,38.74648749246034,943765261.692,39.9,2.99305168844906,3.290290627983255,1.792
UGA,Uganda,2000,258.050338731086,3.1419073381869964,49.64,143.9,19.1225490570068,10.3548698425293,19.48382171574402,160700000.0,7.4,3.14418360294887,3.39202158512998,3.531
UGA,Uganda,2001,236.02118885399332,5.183661124902358,50.576,137.2,19.1225490570068,12.843237400054925,19.302059418614604,151496150.651927,8.6,3.05906863525199,1.865125240847725,3.522
UGA,Uganda,2002,241.9846884083346,8.732685764401268,51.443,129.9,19.1225490570068,15.33160495758055,20.217422803633795,184648059.1975,7.8,3.13158750187579,-0.2875085117651964,3.5
UGA,Uganda,2003,250.7154366468096,6.473258671665434,52.414,122.1,19.1225490570068,17.819972515106176,20.984141578268428,202192593.6185,10.5,3.15822372497188,8.680476515668836,3.6
UGA,Uganda,2004,292.38185796262013,6.807233343618833,53.699,114.2,19.1225490570068,20.3083400726318,20.145689916711472,295416479.800691,11.6,2.99944519470383,3.721287439782284,2.699
UGA,Uganda,2005,330.40540270702513,6.332565116231564,54.926,106.5,20.778736114501935,18.60776503880815,22.35514585638797,379808340.667061,8.9,2.93492118829227,8.448726422995321,1.9
UGA,Uganda,2006,346.5182553106472,10.78474438574534,56.118,99.2,22.434923171997067,16.9071900049845,21.13037002499597,644262499.946512,9.0,2.92745935131587,7.310676135618637,2.264
UGA,Uganda,2007,401.3891308655809,8.412425965510707,57.248,92.5,24.0911102294922,15.20661497116085,22.083055269281925,792305780.891244,14.8,2.94106654284048,6.138510832850498,2.667
UGA,Uganda,2008,472.8426814958519,8.708751901544986,58.253,86.4,24.0911102294922,13.5060399373372,22.97777384263929,728860900.652408,15.9,2.9444861420196,12.05085554828855,3.035
UGA,Uganda,2009,798.9470899382466,6.801517348603952,59.157,81.2,24.0911102294922,11.80546490351355,26.61603875648409,841570802.74764,10.0,2.94129171098808,13.01725618891854,3.6
UGA,Uganda,2010,823.488144282,5.637611637497571,59.959,76.0,24.0911102294922,10.1048898696899,27.103955353401076,543872727.272728,12.1,2.9438913354304,3.976552884781682,3.623
UGA,Uganda,2011,835.620060555838,9.391655492717604,60.791,70.9,24.0911102294922,13.6113700866699,26.75498052835117,894293858.0,14.6,2.93194913680129,16.56434961745152,3.523
UGA,Uganda,2012,795.222867553127,3.837455606052288,61.579,66.5,24.0911102294922,11.4518995285034,26.17717564523777,1205388487.79374,20.5,2.90422608403173,12.67903772246589,3.551
UGA,Uganda,2013,818.2854274167128,3.5869058262302502,62.353,62.8,24.0911102294922,11.7431201934815,31.973979809907853,1096000000.0,13.9,2.86955163863091,4.905208756945568,1.91
UGA,Uganda,2014,896.0547955463935,5.106307325397964,63.057,60.2,24.0911102294922,11.7049102783203,26.853454663727007,1058564540.34684,20.4,2.95144499872136,3.075706689586414,2.357
UGA,Uganda,2015,862.9346103558107,5.187859860024659,63.831,57.9,24.0911102294922,13.2200803756714,23.859794450753476,737652140.151428,18.5,3.07329293941893,5.589686062517254,2.681
UGA,Uganda,2016,752.6965717256556,4.781000292544817,64.494,55.6,24.0911102294922,12.4691696166992,25.41528826482925,625704361.867068,26.7,3.32192491389275,5.70637504616212,3.002
UGA,Uganda,2017,765.2183322973606,3.1314055172359616,65.174,54.0,24.0911102294922,12.1973304748535,24.61404268594494,802704141.008568,32.4,3.49059590870242,5.209717059142092,3.428
UGA,Uganda,2018,792.1657002281404,6.303923782629965,65.775,52.7,24.0911102294922,11.2536497116089,24.328598978183315,1055353352.63033,41.9,3.39741097582772,2.616011909522744,3.249
UGA,Uganda,2019,822.1711500363574,6.438745032764388,66.354,51.6,24.0911102294922,8.89710752279272,25.529460779694617,1303005005.33932,41.3,3.39132142318772,2.867588034468999,3.057
UGA,Uganda,2020,845.7664638901235,2.951306422180977,66.41,50.9,24.0911102294922,8.52880465495882,24.215950555391323,1191485423.71975,42.1,3.33341751069644,3.313322895445018,3.819
ZAF,South Africa,2000,3217.8469344846712,4.2000000006782585,58.368,71.4,74.3193817138672,0.0,15.060281087544611,968831355.95909,72.4,0.914659168313889,5.338959135998278,22.788
ZAF,South Africa,2001,2847.1519194590805,2.70000000019104,57.161,74.5,73.9493103027344,20.4720497131348,14.57378030660348,7270344986.4768,70.2,0.859492168208101,5.701894830496081,22.652
ZAF,South Africa,2002,2688.236760328064,3.700374404066679,55.58,77.0,74.4450225830078,20.0956993103027,15.036119660524989,1479804588.75226,76.7,0.947036940076663,9.494713780996005,22.579
ZAF,South Africa,2003,4062.217559937858,2.94907546754213,54.245,79.2,75.5357818603516,19.5923004150391,15.65711452727224,783136092.25814,78.8,0.996556488051653,5.679424140687994,22.679
ZAF,South Africa,2004,5221.463337317212,4.554559907217737,53.963,80.7,78.2966613769531,19.9346294403076,16.960351317049874,701422007.629778,80.6,1.00742279739678,-0.6920394378576867,22.567
ZAF,South Africa,2005,5836.876633251265,5.277051972954666,53.914,79.8,80.4203414916992,19.9249897003174,16.831815344764347,6522098178.1805,80.8,1.01260946155511,2.062853082234273,22.472
ZAF,South Africa,2006,6077.382933888757,5.603806458958886,54.22,76.9,83.7833480834961,18.0049896240234,18.490202686760064,623291744.343519,80.7,1.02172490694402,3.243907654192295,22.304
ZAF,South Africa,2007,6591.85535960564,5.360474053941616,54.948,71.2,85.5366287231445,18.0270690917969,19.32596507551874,6586792253.1097,82.0,1.05506511201209,6.177812148093879,22.26
ZAF,South Africa,2008,6184.754743283988,3.1910438863287998,55.982,63.7,84.0473480224609,17.9063091278076,21.287249118139112,8108179999.999999,81.9,1.15309551684298,9.909984560054667,22.407
ZAF,South Africa,2009,6374.705600429925,-1.5380891352558308,57.413,56.9,85.9605407714844,18.3062591552734,18.76694419842482,7624489973.88189,82.6,1.19390450655684,7.238095238095269,23.523
ZAF,South Africa,2010,7973.471957715169,3.039732881279562,58.886,50.3,86.5922045596808,18.0443706512451,17.59564460371049,3693271715.48139,82.8,1.1829095702162,4.067495559502634,24.683
ZAF,South Africa,2011,8646.055710716348,3.168556278588184,60.602,45.6,88.9442291259766,18.6622905731201,18.8532376550132,4139289122.68736,83.6,1.23631458705301,5.0008533879502,24.639
ZAF,South Africa,2012,8076.976784797406,2.396232384657452,61.737,43.1,92.1625137329102,19.6699504852295,18.584535443504503,4626029122.40006,85.2,1.47479434391075,5.73797139141739,24.727
ZAF,South Africa,2013,7331.654673849192,2.485468008265883,62.388,41.4,96.66285705566409,18.6965999603271,19.168762594311133,8108179999.999999,85.2,1.65265199501405,5.780169100691757,24.561
ZAF,South Africa,2014,6856.731370925222,1.4138264522379274,63.184,39.7,101.163200378418,18.9891605377197,18.4879638168327,5791659020.09996,85.9,1.66144540694123,6.132829530591491,24.89
ZAF,South Africa,2015,6112.273824859742,1.3218622367822943,64.053,38.2,104.622812990742,18.6993503570557,18.63320666383758,1521139945.30531,85.3,2.00988840160514,4.518690948925061,25.149
ZAF,South Africa,2016,5651.205851657492,0.6645523078581164,64.749,36.8,103.855987548828,18.0487403869629,16.960452294824606,2215307020.39541,83.9,0.940521897823675,6.602908423948717,26.536
ZAF,South Africa,2017,6618.335082557006,1.157946951817351,65.422,35.7,105.623168945312,18.7192897796631,16.610734061240194,2058579911.05235,84.4,0.653837462693277,5.186186555241493,27.035
ZAF,South Africa,2018,6914.178031807599,1.5567838472167637,65.726,34.9,101.399612936693,18.90159034729,16.170582978661937,5569462350.15206,84.7,1.68236992028419,4.509872648673875,26.906
ZAF,South Africa,2019,6533.711210328561,0.2599355768763303,66.071,34.3,103.78912033531,19.605770111084,15.820793378317886,5116098443.48715,85.0,1.64957495527878,4.102850754611558,28.468
ZAF,South Africa,2020,5580.603830751887,-6.1689177146757,65.15,33.9,103.501178102472,19.6557006835938,12.345544147846232,3153552569.39324,90.0,1.62216431400652,3.232388316151135,29.217
ZMB,Zambia,2000,359.4295009882214,3.897322943418956,46.577,151.8,40.4629922041554,8.35262012481689,29.877515302396667,121700000.0,16.7,2.8105009556372,26.03041178881214,12.93
ZMB,Zambia,2001,396.5489529935036,5.316868274184188,47.408,143.2,40.4629922041554,8.910712480545042,29.877515302396667,145000000.0,20.2,3.02394158044151,21.39378217925458,13.404
ZMB,Zambia,2002,393.86462551861615,4.506014280326042,48.461,132.9,40.4629922041554,9.468804836273193,29.877515302396667,298390000.0,17.4,3.07812350873629,22.23334464309469,14.131
ZMB,Zambia,2003,446.2901048390412,6.9449739822122325,49.616,122.1,40.4629922041554,10.026897192001346,29.877515302396667,347000000.0,18.5,3.10355045228564,21.40157839019952,14.704
ZMB,Zambia,2004,548.6859745662773,7.032395115152184,50.54,111.7,40.4629922041554,10.5849895477295,29.877515302396667,364040000.0,20.3,3.17745831747123,17.96778910872861,15.332
ZMB,Zambia,2005,710.9820681716964,7.235599006555432,51.615,102.7,40.4629922041554,7.72973012924194,29.877515302396667,356940000.0,23.3,3.30186320062968,18.32443970117399,15.9
ZMB,Zambia,2006,1051.717148956864,7.903694444800791,52.693,94.8,40.4629922041554,6.97882008552551,29.877515302396667,615789999.999999,24.1,3.44488603404196,9.019572472264858,13.229
ZMB,Zambia,2007,1118.7316262695265,8.352436244474063,53.73,89.1,40.4629922041554,6.22791004180908,29.877515302396667,1323900000.0,18.5,3.52770643018252,10.65734960001529,10.559
ZMB,Zambia,2008,1375.5021100699742,7.773895815423629,54.835,84.2,40.4629922041554,5.65180015563965,29.877515302396667,938620000.0,25.7,3.56663855229215,12.44557934631924,7.93
ZMB,Zambia,2009,1136.2416831684773,9.220348405866304,55.886,78.4,40.4629922041554,12.758128002546776,29.877515302396667,694800000.0,26.6,3.53891846603377,13.39525463258952,10.583
ZMB,Zambia,2010,1451.1061601715494,10.298223324121269,56.896,74.3,40.4629922041554,19.8644558494539,29.877515302396667,1729300000.0,22.0,3.46192274224024,8.501761333652647,13.19
ZMB,Zambia,2011,1624.8681776344254,5.569252192630188,57.843,71.8,40.4629922041554,18.643060952214,32.88921124515897,1108500000.0,28.3,3.32527568350911,6.4293968107234,10.548
ZMB,Zambia,2012,1710.0506134372813,7.597381049019944,58.704,69.2,40.4629922041554,17.5119682867479,31.5179510511994,1731500000.0,29.2,3.24260026203654,6.575899707576976,7.85
ZMB,Zambia,2013,1820.718548273905,5.0575369504725245,59.445,66.0,40.4629922041554,17.4679158828022,33.80298868044221,2099800000.0,30.1,3.20268845716982,6.977676054903073,7.272
ZMB,Zambia,2014,1707.485731366938,4.693283163767049,60.109,62.6,40.4629922041554,20.1654093060307,34.06926418561774,1507800000.0,27.9,3.17220342906789,7.806875535663326,6.576
ZMB,Zambia,2015,1295.877886800678,2.920375112179613,60.728,60.2,40.4629922041554,16.726110458374,42.80511645154078,1582666666.66666,31.1,3.12013727876838,10.11059289096177,5.951
ZMB,Zambia,2016,1239.0852787771328,3.7551003167898784,61.129,57.1,40.4629922041554,15.6636199951172,38.2062329128451,662813935.420472,35.4,3.09409054089327,17.86973007952677,5.244
ZMB,Zambia,2017,1483.4657732806522,3.5258627714992627,61.564,55.2,40.4629922041554,14.9343395233154,41.00182085830775,1107519804.84533,40.3,3.06754137743233,6.577311542056444,4.529
ZMB,Zambia,2018,1463.8999785559306,4.034493896671648,62.138,54.7,40.4629922041554,17.0909004211426,38.58855829582655,408438491.702336,40.2,3.0060186177754,7.494571927285201,5.032
ZMB,Zambia,2019,1258.9861984446204,1.44130602603785,62.914,53.5,40.4629922041554,15.2918654031949,39.26190864678439,547967909.612401,43.0,2.96162166175699,9.150316443162955,5.538
ZMB,Zambia,2020,951.6443166559574,-2.7850550654516724,63.361,52.5,40.4629922041554,12.3780247373065,32.244850980658434,245205491.395466,44.6,2.9041649369132,15.73306047213692,6.032
ZWE,Zimbabwe,2000,562.8337574960761,-3.0591178057559887,46.034,99.4,40.0179290771484,8.53672493112948,13.56964105628805,23200000.0,33.7,0.917384654947152,3.022670025188917,5.685
ZWE,Zimbabwe,2001,566.3887464488722,1.4395172772195792,44.525,96.3,42.1351890563965,8.53672493112948,10.26803819636471,3800000.0,34.2,0.669179057812887,3.022670025188917,5.313
ZWE,Zimbabwe,2002,524.936478570323,-8.894012857927521,45.938,93.8,41.4578285217285,8.53672493112948,4.999803002245774,25900000.0,34.2,0.962219774230462,3.022670025188917,5.005
ZWE,Zimbabwe,2003,468.4719329272126,-16.995073335576322,45.373,91.9,39.1011009216309,8.53672493112948,8.001047029055055,3800000.0,35.1,1.18973560223894,3.022670025188917,4.738
ZWE,Zimbabwe,2004,469.7192989493038,-5.807539641962052,46.043,91.2,43.18595759442619,8.53672493112948,4.5106309718515964,8700000.0,35.6,1.08604865181957,3.022670025188917,4.39
ZWE,Zimbabwe,2005,461.2713875479115,-5.711125412413637,46.57,91.6,47.27081426722148,8.53672493112948,1.5239004906004427,102800000.0,36.1,0.945996419158278,3.022670025188917,4.632
ZWE,Zimbabwe,2006,431.0349944149641,-3.461402903369631,47.056,87.6,51.355670940016765,8.53672493112948,1.569743424978198,40000000.0,37.2,1.21827740248004,3.022670025188917,4.767
ZWE,Zimbabwe,2007,413.52124459292514,-3.653250914872004,47.576,90.6,55.44052761281206,8.53672493112948,7.110817319042448,68900000.0,37.2,1.3177052771271,3.022670025188917,5.008
ZWE,Zimbabwe,2008,340.9174475885724,-17.668998795849063,48.456,91.1,59.525384285607345,8.53672493112948,5.12675418741512,51600000.0,37.7,1.20398732561507,3.022670025188917,5.401
ZWE,Zimbabwe,2009,735.821693871697,13.272054616797874,49.75,89.8,63.610240958402635,8.53672493112948,12.747201613111702,105000000.0,43.4,1.40712940970909,3.022670025188917,5.476
ZWE,Zimbabwe,2010,902.0107590673878,19.675407701932254,51.925,85.2,67.69509763119792,8.53672493112948,18.76283953435289,122586666.666667,38.9,1.61334322032425,3.022670025188917,5.469
ZWE,Zimbabwe,2011,1037.775651572176,14.193915680113903,53.911,77.2,71.77995430399321,19.14390656636659,17.39846906230066,344300000.0,36.9,1.7726514046574,3.4661297281749,5.368
ZWE,Zimbabwe,2012,1239.2270974570858,16.665429041033747,55.386,68.0,75.8648109767885,29.7510882016037,9.85633778141151,349850000.0,44.0,1.62306467591426,3.725326661106463,5.057
ZWE,Zimbabwe,2013,1362.9949832336792,1.9894855402519769,56.842,62.6,52.4158515930176,28.6603405107662,9.209062471368926,373050000.0,40.6,1.40792169753746,1.634950415438219,4.948
ZWE,Zimbabwe,2014,1372.9152617316138,2.3769856166341725,58.106,59.8,52.4158515930176,30.0151492350138,9.63958883391864,472800000.0,32.3,1.37169405347957,-0.1977848101266099,4.774
ZWE,Zimbabwe,2015,1387.1263259502578,1.779853563921762,58.989,59.2,52.4158515930176,29.4708298958553,10.035923047075464,399200000.0,33.7,1.3399592762046,-2.430968423834039,5.399
ZWE,Zimbabwe,2016,1408.1394525343117,0.7557940585522402,59.76,57.5,52.4158515930176,23.5270848466941,9.861741065457156,343013813.38,42.5,1.38820029316449,-1.54366960054161,5.896
ZWE,Zimbabwe,2017,3445.449410201338,4.734411177584818,60.263,56.7,52.4158515930176,19.6912287813186,14.70224317815448,307187738.788,44.0,1.44285382068925,0.8939623160500274,6.35
ZWE,Zimbabwe,2018,2270.895318743022,5.009921542976031,60.906,56.3,52.4158515930176,19.158784626926,14.148444342345186,413857379.43885,45.4,1.48741637841697,10.61886586695751,6.788
ZWE,Zimbabwe,2019,2184.521553888009,-6.332449760285712,61.06,58.6,52.4158515930176,10.4635886835479,6.585812339341528,249673369.8045,46.7,1.56353351552455,51.0649426570531,7.373
ZWE,Zimbabwe,2020,2059.6370402527414,-7.816950601887285,61.53,61.7,52.4158515930176,15.6666108638886,7.344962010393358,150461768.075241,52.7,1.65935280874134,51.0649426570531,8.617
